"ID"	"Sistema operativo, navegador y tecnología asistiva"	"Resumen"	"Elemento afectado"	"Páginas Afectadas"	"Resultado actual"	"Resultado esperado"	"Metodología de testing"	"Severidad"	"Criterio WCAG"	"Captura de pantalla"	"Recomendación (W3C)"	"Notas"
"landmark-unique-1"	"macOS + Electron (Cypress) + axe-core"	"Hay landmarks duplicados sin nombre único (aria-label/aria-labelledby)."	".header-display-desktop > .header-title-nav-wrapper > .header-nav > .header-nav-wrapper > .header-nav-list"	https://www.hiexperience.es/blog	"<nav class=""""header-nav-list"""">"	"Nombra landmarks duplicados con aria-label/aria-labelledby para distinguirlos."	"WCAG 2.1 / 2.2 AA (automatizado con axe-core)"	"Media"	"1.3.1 Información y relaciones"	https://www.hiexperience.es/auditorias/26-10-2025-www.hiexperience.es/screenshots/accesibilidad-sitemap.cy.js/landmark-unique-1-1280x800.png	https://www.w3.org/WAI/WCAG21/Understanding/info-and-relationships.html	""
"landmark-unique-1"	"macOS + Electron (Cypress) + axe-core"	"Hay landmarks duplicados sin nombre único (aria-label/aria-labelledby)."	".blog-list-pagination"	https://www.hiexperience.es/blog	"<nav class=""""blog-list-pagination"""">"	"Nombra landmarks duplicados con aria-label/aria-labelledby para distinguirlos."	"WCAG 2.1 / 2.2 AA (automatizado con axe-core)"	"Media"	"1.3.1 Información y relaciones"	https://www.hiexperience.es/auditorias/26-10-2025-www.hiexperience.es/screenshots/accesibilidad-sitemap.cy.js/landmark-unique-1-375x812.png	https://www.w3.org/WAI/WCAG21/Understanding/info-and-relationships.html	""
"landmark-unique-1"	"macOS + Electron (Cypress) + axe-core"	"Hay landmarks duplicados sin nombre único (aria-label/aria-labelledby)."	".header-display-desktop > .header-title-nav-wrapper > .header-nav > .header-nav-wrapper > .header-nav-list"	https://www.hiexperience.es/blog/cmo-liderar-producto-cuando-la-complejidad-escala-ms-rpido-que-los-equipos	"<nav class=""""header-nav-list"""">"	"Nombra landmarks duplicados con aria-label/aria-labelledby para distinguirlos."	"WCAG 2.1 / 2.2 AA (automatizado con axe-core)"	"Media"	"1.3.1 Información y relaciones"	https://www.hiexperience.es/auditorias/26-10-2025-www.hiexperience.es/screenshots/accesibilidad-sitemap.cy.js/landmark-unique-1-1280x800.png	https://www.w3.org/WAI/WCAG21/Understanding/info-and-relationships.html	""
"landmark-unique-1"	"macOS + Electron (Cypress) + axe-core"	"Hay landmarks duplicados sin nombre único (aria-label/aria-labelledby)."	".header-display-desktop > .header-title-nav-wrapper > .header-nav > .header-nav-wrapper > .header-nav-list"	https://www.hiexperience.es/blog/qu-decisiones-vas-a-cederle-a-la-ia	"<nav class=""""header-nav-list"""">"	"Nombra landmarks duplicados con aria-label/aria-labelledby para distinguirlos."	"WCAG 2.1 / 2.2 AA (automatizado con axe-core)"	"Media"	"1.3.1 Información y relaciones"	https://www.hiexperience.es/auditorias/26-10-2025-www.hiexperience.es/screenshots/accesibilidad-sitemap.cy.js/landmark-unique-1-1280x800.png	https://www.w3.org/WAI/WCAG21/Understanding/info-and-relationships.html	""
"heading-order-1"	"macOS + Electron (Cypress) + axe-core"	"El orden jerárquico de encabezados no es lógico."	"h3:nth-child(2)"	https://www.hiexperience.es/blog/generative-engine-optimization	"<h3 style=""""white-space:pre-wrap;""""><strong>La muerte anunciada del SEO (otra vez)</strong></h3>"	"Reestructura los encabezados para mantener la jerarquía (h1>h2>h3...)."	"WCAG 2.1 / 2.2 AA (automatizado con axe-core)"	"Media"	"2.4.6 Encabezados y etiquetas"	https://www.hiexperience.es/auditorias/26-10-2025-www.hiexperience.es/screenshots/accesibilidad-sitemap.cy.js/heading-order-1-1280x800.png	https://www.w3.org/WAI/WCAG21/Understanding/headings-and-labels.html	""
"landmark-unique-2"	"macOS + Electron (Cypress) + axe-core"	"Hay landmarks duplicados sin nombre único (aria-label/aria-labelledby)."	".header-display-desktop > .header-title-nav-wrapper > .header-nav > .header-nav-wrapper > .header-nav-list"	https://www.hiexperience.es/blog/generative-engine-optimization	"<nav class=""""header-nav-list"""">"	"Nombra landmarks duplicados con aria-label/aria-labelledby para distinguirlos."	"WCAG 2.1 / 2.2 AA (automatizado con axe-core)"	"Media"	"1.3.1 Información y relaciones"	https://www.hiexperience.es/auditorias/26-10-2025-www.hiexperience.es/screenshots/accesibilidad-sitemap.cy.js/landmark-unique-2-1280x800.png	https://www.w3.org/WAI/WCAG21/Understanding/info-and-relationships.html	""
"heading-order-1"	"macOS + Electron (Cypress) + axe-core"	"El orden jerárquico de encabezados no es lógico."	"h3:nth-child(2)"	https://www.hiexperience.es/blog/generative-engine-optimization	"<h3 style=""""white-space:pre-wrap;""""><strong>La muerte anunciada del SEO (otra vez)</strong></h3>"	"Reestructura los encabezados para mantener la jerarquía (h1>h2>h3...)."	"WCAG 2.1 / 2.2 AA (automatizado con axe-core)"	"Media"	"2.4.6 Encabezados y etiquetas"	https://www.hiexperience.es/auditorias/26-10-2025-www.hiexperience.es/screenshots/accesibilidad-sitemap.cy.js/heading-order-1-375x812.png	https://www.w3.org/WAI/WCAG21/Understanding/headings-and-labels.html	""
"landmark-unique-1"	"macOS + Electron (Cypress) + axe-core"	"Hay landmarks duplicados sin nombre único (aria-label/aria-labelledby)."	".header-display-desktop > .header-title-nav-wrapper > .header-nav > .header-nav-wrapper > .header-nav-list"	https://www.hiexperience.es/blog/declaracion-accesibilidad-empresas	"<nav class=""""header-nav-list"""">"	"Nombra landmarks duplicados con aria-label/aria-labelledby para distinguirlos."	"WCAG 2.1 / 2.2 AA (automatizado con axe-core)"	"Media"	"1.3.1 Información y relaciones"	https://www.hiexperience.es/auditorias/26-10-2025-www.hiexperience.es/screenshots/accesibilidad-sitemap.cy.js/landmark-unique-1-1280x800.png	https://www.w3.org/WAI/WCAG21/Understanding/info-and-relationships.html	""
"color-contrast-1"	"macOS + Electron (Cypress) + axe-core"	"El contraste entre el texto y su fondo es insuficiente."	".sqsrte-small > em"	https://www.hiexperience.es/blog/gua-rpida-lo-que-toda-empresa-debera-saber-sobre-accesibilidad-digital-en-2025	"<em>Fuente: WebAIM Million – 2024</em>"	"Asegura una relación de contraste mínima 4.5:1 (texto normal) o 3:1 (texto grande) entre texto y fondo."	"WCAG 2.1 / 2.2 AA (automatizado con axe-core)"	"Alta"	"1.4.3 Contraste (mínimo)"	https://www.hiexperience.es/auditorias/26-10-2025-www.hiexperience.es/screenshots/accesibilidad-sitemap.cy.js/color-contrast-1-1280x800.png	https://www.w3.org/WAI/WCAG21/Understanding/contrast-minimum.html	""
"heading-order-2"	"macOS + Electron (Cypress) + axe-core"	"El orden jerárquico de encabezados no es lógico."	"#block-yui_3_17_2_1_1749660904505_21294 > .sqs-block-content > .sqs-html-content[data-sqsp-text-block-content=""""""""] > h3:nth-child(1)"	https://www.hiexperience.es/blog/gua-rpida-lo-que-toda-empresa-debera-saber-sobre-accesibilidad-digital-en-2025	"<h3 style=""""white-space:pre-wrap;"""">1. ¿Qué es la accesibilidad digital?</h3>"	"Reestructura los encabezados para mantener la jerarquía (h1>h2>h3...)."	"WCAG 2.1 / 2.2 AA (automatizado con axe-core)"	"Media"	"2.4.6 Encabezados y etiquetas"	https://www.hiexperience.es/auditorias/26-10-2025-www.hiexperience.es/screenshots/accesibilidad-sitemap.cy.js/heading-order-2-1280x800.png	https://www.w3.org/WAI/WCAG21/Understanding/headings-and-labels.html	""
"landmark-unique-3"	"macOS + Electron (Cypress) + axe-core"	"Hay landmarks duplicados sin nombre único (aria-label/aria-labelledby)."	".header-display-desktop > .header-title-nav-wrapper > .header-nav > .header-nav-wrapper > .header-nav-list"	https://www.hiexperience.es/blog/gua-rpida-lo-que-toda-empresa-debera-saber-sobre-accesibilidad-digital-en-2025	"<nav class=""""header-nav-list"""">"	"Nombra landmarks duplicados con aria-label/aria-labelledby para distinguirlos."	"WCAG 2.1 / 2.2 AA (automatizado con axe-core)"	"Media"	"1.3.1 Información y relaciones"	https://www.hiexperience.es/auditorias/26-10-2025-www.hiexperience.es/screenshots/accesibilidad-sitemap.cy.js/landmark-unique-3-1280x800.png	https://www.w3.org/WAI/WCAG21/Understanding/info-and-relationships.html	""
"color-contrast-1"	"macOS + Electron (Cypress) + axe-core"	"El contraste entre el texto y su fondo es insuficiente."	".sqsrte-small > em"	https://www.hiexperience.es/blog/gua-rpida-lo-que-toda-empresa-debera-saber-sobre-accesibilidad-digital-en-2025	"<em>Fuente: WebAIM Million – 2024</em>"	"Asegura una relación de contraste mínima 4.5:1 (texto normal) o 3:1 (texto grande) entre texto y fondo."	"WCAG 2.1 / 2.2 AA (automatizado con axe-core)"	"Alta"	"1.4.3 Contraste (mínimo)"	https://www.hiexperience.es/auditorias/26-10-2025-www.hiexperience.es/screenshots/accesibilidad-sitemap.cy.js/color-contrast-1-375x812.png	https://www.w3.org/WAI/WCAG21/Understanding/contrast-minimum.html	""
"heading-order-2"	"macOS + Electron (Cypress) + axe-core"	"El orden jerárquico de encabezados no es lógico."	"#block-yui_3_17_2_1_1749660904505_21294 > .sqs-block-content > .sqs-html-content[data-sqsp-text-block-content=""""""""] > h3:nth-child(1)"	https://www.hiexperience.es/blog/gua-rpida-lo-que-toda-empresa-debera-saber-sobre-accesibilidad-digital-en-2025	"<h3 style=""""white-space:pre-wrap;"""">1. ¿Qué es la accesibilidad digital?</h3>"	"Reestructura los encabezados para mantener la jerarquía (h1>h2>h3...)."	"WCAG 2.1 / 2.2 AA (automatizado con axe-core)"	"Media"	"2.4.6 Encabezados y etiquetas"	https://www.hiexperience.es/auditorias/26-10-2025-www.hiexperience.es/screenshots/accesibilidad-sitemap.cy.js/heading-order-2-375x812.png	https://www.w3.org/WAI/WCAG21/Understanding/headings-and-labels.html	""
"heading-order-1"	"macOS + Electron (Cypress) + axe-core"	"El orden jerárquico de encabezados no es lógico."	"h3:nth-child(5)"	https://www.hiexperience.es/blog/qu-aporta-un-equipo-de-producto-externo	"<h3 style=""""white-space:pre-wrap;"""">🔄 Integración ágil y sin fricciones con los equipos internos</h3>"	"Reestructura los encabezados para mantener la jerarquía (h1>h2>h3...)."	"WCAG 2.1 / 2.2 AA (automatizado con axe-core)"	"Media"	"2.4.6 Encabezados y etiquetas"	https://www.hiexperience.es/auditorias/26-10-2025-www.hiexperience.es/screenshots/accesibilidad-sitemap.cy.js/heading-order-1-1280x800.png	https://www.w3.org/WAI/WCAG21/Understanding/headings-and-labels.html	""
"landmark-unique-2"	"macOS + Electron (Cypress) + axe-core"	"Hay landmarks duplicados sin nombre único (aria-label/aria-labelledby)."	".header-display-desktop > .header-title-nav-wrapper > .header-nav > .header-nav-wrapper > .header-nav-list"	https://www.hiexperience.es/blog/qu-aporta-un-equipo-de-producto-externo	"<nav class=""""header-nav-list"""">"	"Nombra landmarks duplicados con aria-label/aria-labelledby para distinguirlos."	"WCAG 2.1 / 2.2 AA (automatizado con axe-core)"	"Media"	"1.3.1 Información y relaciones"	https://www.hiexperience.es/auditorias/26-10-2025-www.hiexperience.es/screenshots/accesibilidad-sitemap.cy.js/landmark-unique-2-1280x800.png	https://www.w3.org/WAI/WCAG21/Understanding/info-and-relationships.html	""
"heading-order-1"	"macOS + Electron (Cypress) + axe-core"	"El orden jerárquico de encabezados no es lógico."	"h3:nth-child(5)"	https://www.hiexperience.es/blog/qu-aporta-un-equipo-de-producto-externo	"<h3 style=""""white-space:pre-wrap;"""">🔄 Integración ágil y sin fricciones con los equipos internos</h3>"	"Reestructura los encabezados para mantener la jerarquía (h1>h2>h3...)."	"WCAG 2.1 / 2.2 AA (automatizado con axe-core)"	"Media"	"2.4.6 Encabezados y etiquetas"	https://www.hiexperience.es/auditorias/26-10-2025-www.hiexperience.es/screenshots/accesibilidad-sitemap.cy.js/heading-order-1-375x812.png	https://www.w3.org/WAI/WCAG21/Understanding/headings-and-labels.html	""
"heading-order-1"	"macOS + Electron (Cypress) + axe-core"	"El orden jerárquico de encabezados no es lógico."	"#block-e48b948736637bc98a69 > .sqs-block-content > .sqs-html-content[data-sqsp-text-block-content=""""""""] > h3"	https://www.hiexperience.es/blog/diseno-de-producto-digital-basado-en-datos	"<h3 style=""""white-space:pre-wrap;""""><strong>Investigación y comprensión del usuario</strong></h3>"	"Reestructura los encabezados para mantener la jerarquía (h1>h2>h3...)."	"WCAG 2.1 / 2.2 AA (automatizado con axe-core)"	"Media"	"2.4.6 Encabezados y etiquetas"	https://www.hiexperience.es/auditorias/26-10-2025-www.hiexperience.es/screenshots/accesibilidad-sitemap.cy.js/heading-order-1-1280x800.png	https://www.w3.org/WAI/WCAG21/Understanding/headings-and-labels.html	""
"landmark-unique-2"	"macOS + Electron (Cypress) + axe-core"	"Hay landmarks duplicados sin nombre único (aria-label/aria-labelledby)."	".header-display-desktop > .header-title-nav-wrapper > .header-nav > .header-nav-wrapper > .header-nav-list"	https://www.hiexperience.es/blog/diseno-de-producto-digital-basado-en-datos	"<nav class=""""header-nav-list"""">"	"Nombra landmarks duplicados con aria-label/aria-labelledby para distinguirlos."	"WCAG 2.1 / 2.2 AA (automatizado con axe-core)"	"Media"	"1.3.1 Información y relaciones"	https://www.hiexperience.es/auditorias/26-10-2025-www.hiexperience.es/screenshots/accesibilidad-sitemap.cy.js/landmark-unique-2-1280x800.png	https://www.w3.org/WAI/WCAG21/Understanding/info-and-relationships.html	""
"heading-order-1"	"macOS + Electron (Cypress) + axe-core"	"El orden jerárquico de encabezados no es lógico."	"#block-e48b948736637bc98a69 > .sqs-block-content > .sqs-html-content[data-sqsp-text-block-content=""""""""] > h3"	https://www.hiexperience.es/blog/diseno-de-producto-digital-basado-en-datos	"<h3 style=""""white-space:pre-wrap;""""><strong>Investigación y comprensión del usuario</strong></h3>"	"Reestructura los encabezados para mantener la jerarquía (h1>h2>h3...)."	"WCAG 2.1 / 2.2 AA (automatizado con axe-core)"	"Media"	"2.4.6 Encabezados y etiquetas"	https://www.hiexperience.es/auditorias/26-10-2025-www.hiexperience.es/screenshots/accesibilidad-sitemap.cy.js/heading-order-1-375x812.png	https://www.w3.org/WAI/WCAG21/Understanding/headings-and-labels.html	""
"heading-order-1"	"macOS + Electron (Cypress) + axe-core"	"El orden jerárquico de encabezados no es lógico."	"h3:nth-child(3)"	https://www.hiexperience.es/blog/investigacin-ux-mtodos-esenciales-y-casos-prcticos-para-potenciar-tus-productos-digitales	"<h3 style=""""white-space:pre-wrap;""""><strong>1. Descubrimiento: Identificando lo que es relevante para los usuarios</strong></h3>"	"Reestructura los encabezados para mantener la jerarquía (h1>h2>h3...)."	"WCAG 2.1 / 2.2 AA (automatizado con axe-core)"	"Media"	"2.4.6 Encabezados y etiquetas"	https://www.hiexperience.es/auditorias/26-10-2025-www.hiexperience.es/screenshots/accesibilidad-sitemap.cy.js/heading-order-1-1280x800.png	https://www.w3.org/WAI/WCAG21/Understanding/headings-and-labels.html	""
"landmark-unique-2"	"macOS + Electron (Cypress) + axe-core"	"Hay landmarks duplicados sin nombre único (aria-label/aria-labelledby)."	".header-display-desktop > .header-title-nav-wrapper > .header-nav > .header-nav-wrapper > .header-nav-list"	https://www.hiexperience.es/blog/investigacin-ux-mtodos-esenciales-y-casos-prcticos-para-potenciar-tus-productos-digitales	"<nav class=""""header-nav-list"""">"	"Nombra landmarks duplicados con aria-label/aria-labelledby para distinguirlos."	"WCAG 2.1 / 2.2 AA (automatizado con axe-core)"	"Media"	"1.3.1 Información y relaciones"	https://www.hiexperience.es/auditorias/26-10-2025-www.hiexperience.es/screenshots/accesibilidad-sitemap.cy.js/landmark-unique-2-1280x800.png	https://www.w3.org/WAI/WCAG21/Understanding/info-and-relationships.html	""
"heading-order-1"	"macOS + Electron (Cypress) + axe-core"	"El orden jerárquico de encabezados no es lógico."	"h3:nth-child(3)"	https://www.hiexperience.es/blog/investigacin-ux-mtodos-esenciales-y-casos-prcticos-para-potenciar-tus-productos-digitales	"<h3 style=""""white-space:pre-wrap;""""><strong>1. Descubrimiento: Identificando lo que es relevante para los usuarios</strong></h3>"	"Reestructura los encabezados para mantener la jerarquía (h1>h2>h3...)."	"WCAG 2.1 / 2.2 AA (automatizado con axe-core)"	"Media"	"2.4.6 Encabezados y etiquetas"	https://www.hiexperience.es/auditorias/26-10-2025-www.hiexperience.es/screenshots/accesibilidad-sitemap.cy.js/heading-order-1-375x812.png	https://www.w3.org/WAI/WCAG21/Understanding/headings-and-labels.html	""
"heading-order-1"	"macOS + Electron (Cypress) + axe-core"	"El orden jerárquico de encabezados no es lógico."	"h3:nth-child(4)"	https://www.hiexperience.es/blog/ux-amp-negocio-cmo-adoptar-una-visin-de-producto-digital-puede-impulsar-el-crecimiento-de-tu-empresa	"<h3 style=""""white-space:pre-wrap;""""><strong>¿Qué es un producto digital?</strong></h3>"	"Reestructura los encabezados para mantener la jerarquía (h1>h2>h3...)."	"WCAG 2.1 / 2.2 AA (automatizado con axe-core)"	"Media"	"2.4.6 Encabezados y etiquetas"	https://www.hiexperience.es/auditorias/26-10-2025-www.hiexperience.es/screenshots/accesibilidad-sitemap.cy.js/heading-order-1-1280x800.png	https://www.w3.org/WAI/WCAG21/Understanding/headings-and-labels.html	""
"landmark-unique-2"	"macOS + Electron (Cypress) + axe-core"	"Hay landmarks duplicados sin nombre único (aria-label/aria-labelledby)."	".header-display-desktop > .header-title-nav-wrapper > .header-nav > .header-nav-wrapper > .header-nav-list"	https://www.hiexperience.es/blog/ux-amp-negocio-cmo-adoptar-una-visin-de-producto-digital-puede-impulsar-el-crecimiento-de-tu-empresa	"<nav class=""""header-nav-list"""">"	"Nombra landmarks duplicados con aria-label/aria-labelledby para distinguirlos."	"WCAG 2.1 / 2.2 AA (automatizado con axe-core)"	"Media"	"1.3.1 Información y relaciones"	https://www.hiexperience.es/auditorias/26-10-2025-www.hiexperience.es/screenshots/accesibilidad-sitemap.cy.js/landmark-unique-2-1280x800.png	https://www.w3.org/WAI/WCAG21/Understanding/info-and-relationships.html	""
"heading-order-1"	"macOS + Electron (Cypress) + axe-core"	"El orden jerárquico de encabezados no es lógico."	"h3:nth-child(4)"	https://www.hiexperience.es/blog/ux-amp-negocio-cmo-adoptar-una-visin-de-producto-digital-puede-impulsar-el-crecimiento-de-tu-empresa	"<h3 style=""""white-space:pre-wrap;""""><strong>¿Qué es un producto digital?</strong></h3>"	"Reestructura los encabezados para mantener la jerarquía (h1>h2>h3...)."	"WCAG 2.1 / 2.2 AA (automatizado con axe-core)"	"Media"	"2.4.6 Encabezados y etiquetas"	https://www.hiexperience.es/auditorias/26-10-2025-www.hiexperience.es/screenshots/accesibilidad-sitemap.cy.js/heading-order-1-375x812.png	https://www.w3.org/WAI/WCAG21/Understanding/headings-and-labels.html	""
"color-contrast-1"	"macOS + Electron (Cypress) + axe-core"	"El contraste entre el texto y su fondo es insuficiente."	"#block-yui_3_17_2_1_1728487429739_56535 > .sqs-block-content > .sqs-html-content[data-sqsp-text-block-content=""""""""] > .sqsrte-small"	https://www.hiexperience.es/blog/el-reto-de-adoptar-una-cultura-de-datos-en-las-organizaciones	"<p class=""""sqsrte-small"""" style=""""white-space:pre-wrap;"""">Si te interesa este tema, todavía estás a tiempo de inscribirte de forma gratuita a nuestro próximo evento presencial, en el que descubriremos estrategias para el crecimiento de producto gracias a los datos, con grandes del sector:</p>"	"Asegura una relación de contraste mínima 4.5:1 (texto normal) o 3:1 (texto grande) entre texto y fondo."	"WCAG 2.1 / 2.2 AA (automatizado con axe-core)"	"Alta"	"1.4.3 Contraste (mínimo)"	https://www.hiexperience.es/auditorias/26-10-2025-www.hiexperience.es/screenshots/accesibilidad-sitemap.cy.js/color-contrast-1-1280x800.png	https://www.w3.org/WAI/WCAG21/Understanding/contrast-minimum.html	""
"heading-order-2"	"macOS + Electron (Cypress) + axe-core"	"El orden jerárquico de encabezados no es lógico."	"h3"	https://www.hiexperience.es/blog/el-reto-de-adoptar-una-cultura-de-datos-en-las-organizaciones	"<h3 style=""""white-space:pre-wrap;""""><strong>¿Cómo podemos conseguir que una organización adopte una cultura de datos?</strong></h3>"	"Reestructura los encabezados para mantener la jerarquía (h1>h2>h3...)."	"WCAG 2.1 / 2.2 AA (automatizado con axe-core)"	"Media"	"2.4.6 Encabezados y etiquetas"	https://www.hiexperience.es/auditorias/26-10-2025-www.hiexperience.es/screenshots/accesibilidad-sitemap.cy.js/heading-order-2-1280x800.png	https://www.w3.org/WAI/WCAG21/Understanding/headings-and-labels.html	""
"landmark-unique-3"	"macOS + Electron (Cypress) + axe-core"	"Hay landmarks duplicados sin nombre único (aria-label/aria-labelledby)."	".header-display-desktop > .header-title-nav-wrapper > .header-nav > .header-nav-wrapper > .header-nav-list"	https://www.hiexperience.es/blog/el-reto-de-adoptar-una-cultura-de-datos-en-las-organizaciones	"<nav class=""""header-nav-list"""">"	"Nombra landmarks duplicados con aria-label/aria-labelledby para distinguirlos."	"WCAG 2.1 / 2.2 AA (automatizado con axe-core)"	"Media"	"1.3.1 Información y relaciones"	https://www.hiexperience.es/auditorias/26-10-2025-www.hiexperience.es/screenshots/accesibilidad-sitemap.cy.js/landmark-unique-3-1280x800.png	https://www.w3.org/WAI/WCAG21/Understanding/info-and-relationships.html	""
"link-name-4"	"macOS + Electron (Cypress) + axe-core"	"El enlace no tiene nombre accesible (texto o aria-label) claro."	"#yui_3_17_2_1_1761486299689_68"	https://www.hiexperience.es/blog/el-reto-de-adoptar-una-cultura-de-datos-en-las-organizaciones	"<a class="""" sqs-block-image-link """" href=""""https://www.eventbrite.es/e/entradas-hug-19-datos-para-el-exito-estrategias-para-el-crecimiento-de-producto-1036678773117"""" target=""""_blank"""" id=""""yui_3_17_2_1_1761486299689_68"""">"	"Proporciona nombre accesible al enlace (texto visible, aria-label o aria-labelledby)."	"WCAG 2.1 / 2.2 AA (automatizado con axe-core)"	"Alta"	"2.4.4 Propósito de los enlaces (en contexto)"	https://www.hiexperience.es/auditorias/26-10-2025-www.hiexperience.es/screenshots/accesibilidad-sitemap.cy.js/link-name-4-1280x800.png	https://www.w3.org/WAI/WCAG21/Understanding/link-purpose-in-context.html	""
"color-contrast-1"	"macOS + Electron (Cypress) + axe-core"	"El contraste entre el texto y su fondo es insuficiente."	"#block-yui_3_17_2_1_1728487429739_56535 > .sqs-block-content > .sqs-html-content[data-sqsp-text-block-content=""""""""] > .sqsrte-small"	https://www.hiexperience.es/blog/el-reto-de-adoptar-una-cultura-de-datos-en-las-organizaciones	"<p class=""""sqsrte-small"""" style=""""white-space:pre-wrap;"""">Si te interesa este tema, todavía estás a tiempo de inscribirte de forma gratuita a nuestro próximo evento presencial, en el que descubriremos estrategias para el crecimiento de producto gracias a los datos, con grandes del sector:</p>"	"Asegura una relación de contraste mínima 4.5:1 (texto normal) o 3:1 (texto grande) entre texto y fondo."	"WCAG 2.1 / 2.2 AA (automatizado con axe-core)"	"Alta"	"1.4.3 Contraste (mínimo)"	https://www.hiexperience.es/auditorias/26-10-2025-www.hiexperience.es/screenshots/accesibilidad-sitemap.cy.js/color-contrast-1-375x812.png	https://www.w3.org/WAI/WCAG21/Understanding/contrast-minimum.html	""
"heading-order-2"	"macOS + Electron (Cypress) + axe-core"	"El orden jerárquico de encabezados no es lógico."	"h3"	https://www.hiexperience.es/blog/el-reto-de-adoptar-una-cultura-de-datos-en-las-organizaciones	"<h3 style=""""white-space:pre-wrap;""""><strong>¿Cómo podemos conseguir que una organización adopte una cultura de datos?</strong></h3>"	"Reestructura los encabezados para mantener la jerarquía (h1>h2>h3...)."	"WCAG 2.1 / 2.2 AA (automatizado con axe-core)"	"Media"	"2.4.6 Encabezados y etiquetas"	https://www.hiexperience.es/auditorias/26-10-2025-www.hiexperience.es/screenshots/accesibilidad-sitemap.cy.js/heading-order-2-375x812.png	https://www.w3.org/WAI/WCAG21/Understanding/headings-and-labels.html	""
"link-name-3"	"macOS + Electron (Cypress) + axe-core"	"El enlace no tiene nombre accesible (texto o aria-label) claro."	"#yui_3_17_2_1_1761486299689_68"	https://www.hiexperience.es/blog/el-reto-de-adoptar-una-cultura-de-datos-en-las-organizaciones	"<a class="""" sqs-block-image-link """" href=""""https://www.eventbrite.es/e/entradas-hug-19-datos-para-el-exito-estrategias-para-el-crecimiento-de-producto-1036678773117"""" target=""""_blank"""" id=""""yui_3_17_2_1_1761486299689_68"""">"	"Proporciona nombre accesible al enlace (texto visible, aria-label o aria-labelledby)."	"WCAG 2.1 / 2.2 AA (automatizado con axe-core)"	"Alta"	"2.4.4 Propósito de los enlaces (en contexto)"	https://www.hiexperience.es/auditorias/26-10-2025-www.hiexperience.es/screenshots/accesibilidad-sitemap.cy.js/link-name-3-375x812.png	https://www.w3.org/WAI/WCAG21/Understanding/link-purpose-in-context.html	""
"heading-order-1"	"macOS + Electron (Cypress) + axe-core"	"El orden jerárquico de encabezados no es lógico."	"#block-9e59dda84e8e30682363 > .sqs-block-content > .sqs-html-content[data-sqsp-text-block-content=""""""""] > h3"	https://www.hiexperience.es/blog/principios-heursticos-de-usabilidad	"<h3 style=""""white-space:pre-wrap;"""">1. Visibilidad del Estado del Sistema</h3>"	"Reestructura los encabezados para mantener la jerarquía (h1>h2>h3...)."	"WCAG 2.1 / 2.2 AA (automatizado con axe-core)"	"Media"	"2.4.6 Encabezados y etiquetas"	https://www.hiexperience.es/auditorias/26-10-2025-www.hiexperience.es/screenshots/accesibilidad-sitemap.cy.js/heading-order-1-1280x800.png	https://www.w3.org/WAI/WCAG21/Understanding/headings-and-labels.html	""
"landmark-unique-2"	"macOS + Electron (Cypress) + axe-core"	"Hay landmarks duplicados sin nombre único (aria-label/aria-labelledby)."	".header-display-desktop > .header-title-nav-wrapper > .header-nav > .header-nav-wrapper > .header-nav-list"	https://www.hiexperience.es/blog/principios-heursticos-de-usabilidad	"<nav class=""""header-nav-list"""">"	"Nombra landmarks duplicados con aria-label/aria-labelledby para distinguirlos."	"WCAG 2.1 / 2.2 AA (automatizado con axe-core)"	"Media"	"1.3.1 Información y relaciones"	https://www.hiexperience.es/auditorias/26-10-2025-www.hiexperience.es/screenshots/accesibilidad-sitemap.cy.js/landmark-unique-2-1280x800.png	https://www.w3.org/WAI/WCAG21/Understanding/info-and-relationships.html	""
"heading-order-1"	"macOS + Electron (Cypress) + axe-core"	"El orden jerárquico de encabezados no es lógico."	"#block-9e59dda84e8e30682363 > .sqs-block-content > .sqs-html-content[data-sqsp-text-block-content=""""""""] > h3"	https://www.hiexperience.es/blog/principios-heursticos-de-usabilidad	"<h3 style=""""white-space:pre-wrap;"""">1. Visibilidad del Estado del Sistema</h3>"	"Reestructura los encabezados para mantener la jerarquía (h1>h2>h3...)."	"WCAG 2.1 / 2.2 AA (automatizado con axe-core)"	"Media"	"2.4.6 Encabezados y etiquetas"	https://www.hiexperience.es/auditorias/26-10-2025-www.hiexperience.es/screenshots/accesibilidad-sitemap.cy.js/heading-order-1-375x812.png	https://www.w3.org/WAI/WCAG21/Understanding/headings-and-labels.html	""
"heading-order-1"	"macOS + Electron (Cypress) + axe-core"	"El orden jerárquico de encabezados no es lógico."	"h3:nth-child(2)"	https://www.hiexperience.es/blog/cmo-saber-si-necesito-mejorar-la-ux-de-mi-producto-digital	"<h3 style=""""white-space:pre-wrap;"""">1.&nbsp;<strong>Bajas tasas de conversión</strong></h3>"	"Reestructura los encabezados para mantener la jerarquía (h1>h2>h3...)."	"WCAG 2.1 / 2.2 AA (automatizado con axe-core)"	"Media"	"2.4.6 Encabezados y etiquetas"	https://www.hiexperience.es/auditorias/26-10-2025-www.hiexperience.es/screenshots/accesibilidad-sitemap.cy.js/heading-order-1-1280x800.png	https://www.w3.org/WAI/WCAG21/Understanding/headings-and-labels.html	""
"landmark-unique-2"	"macOS + Electron (Cypress) + axe-core"	"Hay landmarks duplicados sin nombre único (aria-label/aria-labelledby)."	".header-display-desktop > .header-title-nav-wrapper > .header-nav > .header-nav-wrapper > .header-nav-list"	https://www.hiexperience.es/blog/cmo-saber-si-necesito-mejorar-la-ux-de-mi-producto-digital	"<nav class=""""header-nav-list"""">"	"Nombra landmarks duplicados con aria-label/aria-labelledby para distinguirlos."	"WCAG 2.1 / 2.2 AA (automatizado con axe-core)"	"Media"	"1.3.1 Información y relaciones"	https://www.hiexperience.es/auditorias/26-10-2025-www.hiexperience.es/screenshots/accesibilidad-sitemap.cy.js/landmark-unique-2-1280x800.png	https://www.w3.org/WAI/WCAG21/Understanding/info-and-relationships.html	""
"heading-order-1"	"macOS + Electron (Cypress) + axe-core"	"El orden jerárquico de encabezados no es lógico."	"h3:nth-child(2)"	https://www.hiexperience.es/blog/cmo-saber-si-necesito-mejorar-la-ux-de-mi-producto-digital	"<h3 style=""""white-space:pre-wrap;"""">1.&nbsp;<strong>Bajas tasas de conversión</strong></h3>"	"Reestructura los encabezados para mantener la jerarquía (h1>h2>h3...)."	"WCAG 2.1 / 2.2 AA (automatizado con axe-core)"	"Media"	"2.4.6 Encabezados y etiquetas"	https://www.hiexperience.es/auditorias/26-10-2025-www.hiexperience.es/screenshots/accesibilidad-sitemap.cy.js/heading-order-1-375x812.png	https://www.w3.org/WAI/WCAG21/Understanding/headings-and-labels.html	""
"heading-order-1"	"macOS + Electron (Cypress) + axe-core"	"El orden jerárquico de encabezados no es lógico."	"h3:nth-child(2)"	https://www.hiexperience.es/blog/10-errores-comunes-en-ux-y-cmo-evitarlos	"<h3 style=""""white-space:pre-wrap;""""><strong>1. Ignorar el poder de la investigación de usuarios</strong></h3>"	"Reestructura los encabezados para mantener la jerarquía (h1>h2>h3...)."	"WCAG 2.1 / 2.2 AA (automatizado con axe-core)"	"Media"	"2.4.6 Encabezados y etiquetas"	https://www.hiexperience.es/auditorias/26-10-2025-www.hiexperience.es/screenshots/accesibilidad-sitemap.cy.js/heading-order-1-1280x800.png	https://www.w3.org/WAI/WCAG21/Understanding/headings-and-labels.html	""
"landmark-unique-2"	"macOS + Electron (Cypress) + axe-core"	"Hay landmarks duplicados sin nombre único (aria-label/aria-labelledby)."	".header-display-desktop > .header-title-nav-wrapper > .header-nav > .header-nav-wrapper > .header-nav-list"	https://www.hiexperience.es/blog/10-errores-comunes-en-ux-y-cmo-evitarlos	"<nav class=""""header-nav-list"""">"	"Nombra landmarks duplicados con aria-label/aria-labelledby para distinguirlos."	"WCAG 2.1 / 2.2 AA (automatizado con axe-core)"	"Media"	"1.3.1 Información y relaciones"	https://www.hiexperience.es/auditorias/26-10-2025-www.hiexperience.es/screenshots/accesibilidad-sitemap.cy.js/landmark-unique-2-1280x800.png	https://www.w3.org/WAI/WCAG21/Understanding/info-and-relationships.html	""
"heading-order-1"	"macOS + Electron (Cypress) + axe-core"	"El orden jerárquico de encabezados no es lógico."	"h3:nth-child(2)"	https://www.hiexperience.es/blog/10-errores-comunes-en-ux-y-cmo-evitarlos	"<h3 style=""""white-space:pre-wrap;""""><strong>1. Ignorar el poder de la investigación de usuarios</strong></h3>"	"Reestructura los encabezados para mantener la jerarquía (h1>h2>h3...)."	"WCAG 2.1 / 2.2 AA (automatizado con axe-core)"	"Media"	"2.4.6 Encabezados y etiquetas"	https://www.hiexperience.es/auditorias/26-10-2025-www.hiexperience.es/screenshots/accesibilidad-sitemap.cy.js/heading-order-1-375x812.png	https://www.w3.org/WAI/WCAG21/Understanding/headings-and-labels.html	""
"landmark-unique-1"	"macOS + Electron (Cypress) + axe-core"	"Hay landmarks duplicados sin nombre único (aria-label/aria-labelledby)."	".header-display-desktop > .header-title-nav-wrapper > .header-nav > .header-nav-wrapper > .header-nav-list"	https://www.hiexperience.es/blog/la-psicologa-para-el-exito-en-ux	"<nav class=""""header-nav-list"""">"	"Nombra landmarks duplicados con aria-label/aria-labelledby para distinguirlos."	"WCAG 2.1 / 2.2 AA (automatizado con axe-core)"	"Media"	"1.3.1 Información y relaciones"	https://www.hiexperience.es/auditorias/26-10-2025-www.hiexperience.es/screenshots/accesibilidad-sitemap.cy.js/landmark-unique-1-1280x800.png	https://www.w3.org/WAI/WCAG21/Understanding/info-and-relationships.html	""
"landmark-unique-1"	"macOS + Electron (Cypress) + axe-core"	"Hay landmarks duplicados sin nombre único (aria-label/aria-labelledby)."	".header-display-desktop > .header-title-nav-wrapper > .header-nav > .header-nav-wrapper > .header-nav-list"	https://www.hiexperience.es/blog/maximiza-tus-conversiones-el-poder-de-una-ux-optimizada	"<nav class=""""header-nav-list"""">"	"Nombra landmarks duplicados con aria-label/aria-labelledby para distinguirlos."	"WCAG 2.1 / 2.2 AA (automatizado con axe-core)"	"Media"	"1.3.1 Información y relaciones"	https://www.hiexperience.es/auditorias/26-10-2025-www.hiexperience.es/screenshots/accesibilidad-sitemap.cy.js/landmark-unique-1-1280x800.png	https://www.w3.org/WAI/WCAG21/Understanding/info-and-relationships.html	""
"color-contrast-1"	"macOS + Electron (Cypress) + axe-core"	"El contraste entre el texto y su fondo es insuficiente."	".sqsrte-small > strong"	https://www.hiexperience.es/blog/los-3-por-qu-cmo-tener-impacto-estratgico-mediante-diseo	"<strong>Por ejemplo:</strong>"	"Asegura una relación de contraste mínima 4.5:1 (texto normal) o 3:1 (texto grande) entre texto y fondo."	"WCAG 2.1 / 2.2 AA (automatizado con axe-core)"	"Alta"	"1.4.3 Contraste (mínimo)"	https://www.hiexperience.es/auditorias/26-10-2025-www.hiexperience.es/screenshots/accesibilidad-sitemap.cy.js/color-contrast-1-1280x800.png	https://www.w3.org/WAI/WCAG21/Understanding/contrast-minimum.html	""
"landmark-unique-2"	"macOS + Electron (Cypress) + axe-core"	"Hay landmarks duplicados sin nombre único (aria-label/aria-labelledby)."	".header-display-desktop > .header-title-nav-wrapper > .header-nav > .header-nav-wrapper > .header-nav-list"	https://www.hiexperience.es/blog/los-3-por-qu-cmo-tener-impacto-estratgico-mediante-diseo	"<nav class=""""header-nav-list"""">"	"Nombra landmarks duplicados con aria-label/aria-labelledby para distinguirlos."	"WCAG 2.1 / 2.2 AA (automatizado con axe-core)"	"Media"	"1.3.1 Información y relaciones"	https://www.hiexperience.es/auditorias/26-10-2025-www.hiexperience.es/screenshots/accesibilidad-sitemap.cy.js/landmark-unique-2-1280x800.png	https://www.w3.org/WAI/WCAG21/Understanding/info-and-relationships.html	""
"color-contrast-1"	"macOS + Electron (Cypress) + axe-core"	"El contraste entre el texto y su fondo es insuficiente."	".sqsrte-small > strong"	https://www.hiexperience.es/blog/los-3-por-qu-cmo-tener-impacto-estratgico-mediante-diseo	"<strong>Por ejemplo:</strong>"	"Asegura una relación de contraste mínima 4.5:1 (texto normal) o 3:1 (texto grande) entre texto y fondo."	"WCAG 2.1 / 2.2 AA (automatizado con axe-core)"	"Alta"	"1.4.3 Contraste (mínimo)"	https://www.hiexperience.es/auditorias/26-10-2025-www.hiexperience.es/screenshots/accesibilidad-sitemap.cy.js/color-contrast-1-375x812.png	https://www.w3.org/WAI/WCAG21/Understanding/contrast-minimum.html	""
"color-contrast-1"	"macOS + Electron (Cypress) + axe-core"	"El contraste entre el texto y su fondo es insuficiente."	"#block-yui_3_17_2_1_1707391183083_7024 > .sqs-block-content > .sqs-html-content[data-sqsp-text-block-content=""""""""] > .sqsrte-small"	https://www.hiexperience.es/blog/design-ops-optimizando-la-funcin-de-diseo-en-equipos-de-producto-digital	"<p class=""""sqsrte-small"""" style=""""white-space:pre-wrap;"""">Escribe: <a href=""""https://www.linkedin.com/in/alvaro-hiexperience/"""" target=""""_blank"""">Álvaro del Pozo, COO en Hi Experience</a></p>"	"Asegura una relación de contraste mínima 4.5:1 (texto normal) o 3:1 (texto grande) entre texto y fondo."	"WCAG 2.1 / 2.2 AA (automatizado con axe-core)"	"Alta"	"1.4.3 Contraste (mínimo)"	https://www.hiexperience.es/auditorias/26-10-2025-www.hiexperience.es/screenshots/accesibilidad-sitemap.cy.js/color-contrast-1-1280x800.png	https://www.w3.org/WAI/WCAG21/Understanding/contrast-minimum.html	""
"landmark-unique-2"	"macOS + Electron (Cypress) + axe-core"	"Hay landmarks duplicados sin nombre único (aria-label/aria-labelledby)."	".header-display-desktop > .header-title-nav-wrapper > .header-nav > .header-nav-wrapper > .header-nav-list"	https://www.hiexperience.es/blog/design-ops-optimizando-la-funcin-de-diseo-en-equipos-de-producto-digital	"<nav class=""""header-nav-list"""">"	"Nombra landmarks duplicados con aria-label/aria-labelledby para distinguirlos."	"WCAG 2.1 / 2.2 AA (automatizado con axe-core)"	"Media"	"1.3.1 Información y relaciones"	https://www.hiexperience.es/auditorias/26-10-2025-www.hiexperience.es/screenshots/accesibilidad-sitemap.cy.js/landmark-unique-2-1280x800.png	https://www.w3.org/WAI/WCAG21/Understanding/info-and-relationships.html	""
"color-contrast-1"	"macOS + Electron (Cypress) + axe-core"	"El contraste entre el texto y su fondo es insuficiente."	"#block-yui_3_17_2_1_1707391183083_7024 > .sqs-block-content > .sqs-html-content[data-sqsp-text-block-content=""""""""] > .sqsrte-small"	https://www.hiexperience.es/blog/design-ops-optimizando-la-funcin-de-diseo-en-equipos-de-producto-digital	"<p class=""""sqsrte-small"""" style=""""white-space:pre-wrap;"""">Escribe: <a href=""""https://www.linkedin.com/in/alvaro-hiexperience/"""" target=""""_blank"""">Álvaro del Pozo, COO en Hi Experience</a></p>"	"Asegura una relación de contraste mínima 4.5:1 (texto normal) o 3:1 (texto grande) entre texto y fondo."	"WCAG 2.1 / 2.2 AA (automatizado con axe-core)"	"Alta"	"1.4.3 Contraste (mínimo)"	https://www.hiexperience.es/auditorias/26-10-2025-www.hiexperience.es/screenshots/accesibilidad-sitemap.cy.js/color-contrast-1-375x812.png	https://www.w3.org/WAI/WCAG21/Understanding/contrast-minimum.html	""
"frame-title-1"	"macOS + Electron (Cypress) + axe-core"	"El iframe carece de título (title) descriptivo."	"iframe[height=""""480""""]"	https://www.hiexperience.es/blog/escalar-equipos-sin-comprometer-eficiencia	"<iframe src=""""https://www.youtube.com/embed/Q1pfgFIpw3M?wmode=opaque"""" height=""""480"""" width=""""854"""" scrolling=""""no"""" frameborder=""""0"""" allowfullscreen=""""""""></iframe>"	"Incluye atributo title descriptivo en iframes que indique su propósito."	"WCAG 2.1 / 2.2 AA (automatizado con axe-core)"	"Alta"	"4.1.2 Nombre, función, valor"	https://www.hiexperience.es/auditorias/26-10-2025-www.hiexperience.es/screenshots/accesibilidad-sitemap.cy.js/frame-title-1-1280x800.png	https://www.w3.org/WAI/WCAG21/Understanding/name-role-value.html	""
"landmark-unique-2"	"macOS + Electron (Cypress) + axe-core"	"Hay landmarks duplicados sin nombre único (aria-label/aria-labelledby)."	".header-display-desktop > .header-title-nav-wrapper > .header-nav > .header-nav-wrapper > .header-nav-list"	https://www.hiexperience.es/blog/escalar-equipos-sin-comprometer-eficiencia	"<nav class=""""header-nav-list"""">"	"Nombra landmarks duplicados con aria-label/aria-labelledby para distinguirlos."	"WCAG 2.1 / 2.2 AA (automatizado con axe-core)"	"Media"	"1.3.1 Información y relaciones"	https://www.hiexperience.es/auditorias/26-10-2025-www.hiexperience.es/screenshots/accesibilidad-sitemap.cy.js/landmark-unique-2-1280x800.png	https://www.w3.org/WAI/WCAG21/Understanding/info-and-relationships.html	""
"frame-title-1"	"macOS + Electron (Cypress) + axe-core"	"El iframe carece de título (title) descriptivo."	"iframe[height=""""480""""]"	https://www.hiexperience.es/blog/escalar-equipos-sin-comprometer-eficiencia	"<iframe src=""""https://www.youtube.com/embed/Q1pfgFIpw3M?wmode=opaque"""" height=""""480"""" width=""""854"""" scrolling=""""no"""" frameborder=""""0"""" allowfullscreen=""""""""></iframe>"	"Incluye atributo title descriptivo en iframes que indique su propósito."	"WCAG 2.1 / 2.2 AA (automatizado con axe-core)"	"Alta"	"4.1.2 Nombre, función, valor"	https://www.hiexperience.es/auditorias/26-10-2025-www.hiexperience.es/screenshots/accesibilidad-sitemap.cy.js/frame-title-1-375x812.png	https://www.w3.org/WAI/WCAG21/Understanding/name-role-value.html	""
"color-contrast-1"	"macOS + Electron (Cypress) + axe-core"	"El contraste entre el texto y su fondo es insuficiente."	"#yui_3_17_2_1_1761486325132_68 > figcaption > .image-caption > .sqsrte-small > em"	https://www.hiexperience.es/blog/escribir-un-buen-alt-text	"<em>Texto alternativo en el logo de Interaction Design Foundation</em>"	"Asegura una relación de contraste mínima 4.5:1 (texto normal) o 3:1 (texto grande) entre texto y fondo."	"WCAG 2.1 / 2.2 AA (automatizado con axe-core)"	"Alta"	"1.4.3 Contraste (mínimo)"	https://www.hiexperience.es/auditorias/26-10-2025-www.hiexperience.es/screenshots/accesibilidad-sitemap.cy.js/color-contrast-1-1280x800.png	https://www.w3.org/WAI/WCAG21/Understanding/contrast-minimum.html	""
"landmark-unique-2"	"macOS + Electron (Cypress) + axe-core"	"Hay landmarks duplicados sin nombre único (aria-label/aria-labelledby)."	".header-display-desktop > .header-title-nav-wrapper > .header-nav > .header-nav-wrapper > .header-nav-list"	https://www.hiexperience.es/blog/escribir-un-buen-alt-text	"<nav class=""""header-nav-list"""">"	"Nombra landmarks duplicados con aria-label/aria-labelledby para distinguirlos."	"WCAG 2.1 / 2.2 AA (automatizado con axe-core)"	"Media"	"1.3.1 Información y relaciones"	https://www.hiexperience.es/auditorias/26-10-2025-www.hiexperience.es/screenshots/accesibilidad-sitemap.cy.js/landmark-unique-2-1280x800.png	https://www.w3.org/WAI/WCAG21/Understanding/info-and-relationships.html	""
"color-contrast-1"	"macOS + Electron (Cypress) + axe-core"	"El contraste entre el texto y su fondo es insuficiente."	"#yui_3_17_2_1_1761486325132_68 > figcaption > .image-caption > .sqsrte-small > em"	https://www.hiexperience.es/blog/escribir-un-buen-alt-text	"<em>Texto alternativo en el logo de Interaction Design Foundation</em>"	"Asegura una relación de contraste mínima 4.5:1 (texto normal) o 3:1 (texto grande) entre texto y fondo."	"WCAG 2.1 / 2.2 AA (automatizado con axe-core)"	"Alta"	"1.4.3 Contraste (mínimo)"	https://www.hiexperience.es/auditorias/26-10-2025-www.hiexperience.es/screenshots/accesibilidad-sitemap.cy.js/color-contrast-1-375x812.png	https://www.w3.org/WAI/WCAG21/Understanding/contrast-minimum.html	""
"landmark-unique-1"	"macOS + Electron (Cypress) + axe-core"	"Hay landmarks duplicados sin nombre único (aria-label/aria-labelledby)."	".header-display-desktop > .header-title-nav-wrapper > .header-nav > .header-nav-wrapper > .header-nav-list"	https://www.hiexperience.es/blog/consejos-para-una-investigacin-inclusiva	"<nav class=""""header-nav-list"""">"	"Nombra landmarks duplicados con aria-label/aria-labelledby para distinguirlos."	"WCAG 2.1 / 2.2 AA (automatizado con axe-core)"	"Media"	"1.3.1 Información y relaciones"	https://www.hiexperience.es/auditorias/26-10-2025-www.hiexperience.es/screenshots/accesibilidad-sitemap.cy.js/landmark-unique-1-1280x800.png	https://www.w3.org/WAI/WCAG21/Understanding/info-and-relationships.html	""
"landmark-unique-1"	"macOS + Electron (Cypress) + axe-core"	"Hay landmarks duplicados sin nombre único (aria-label/aria-labelledby)."	".header-display-desktop > .header-title-nav-wrapper > .header-nav > .header-nav-wrapper > .header-nav-list"	https://www.hiexperience.es/blog/las-4-tendencias-que-transformarn-tu-ecommerce-en-2023	"<nav class=""""header-nav-list"""">"	"Nombra landmarks duplicados con aria-label/aria-labelledby para distinguirlos."	"WCAG 2.1 / 2.2 AA (automatizado con axe-core)"	"Media"	"1.3.1 Información y relaciones"	https://www.hiexperience.es/auditorias/26-10-2025-www.hiexperience.es/screenshots/accesibilidad-sitemap.cy.js/landmark-unique-1-1280x800.png	https://www.w3.org/WAI/WCAG21/Understanding/info-and-relationships.html	""
"color-contrast-1"	"macOS + Electron (Cypress) + axe-core"	"El contraste entre el texto y su fondo es insuficiente."	"#yui_3_17_2_1_1761486331487_68 > figcaption > .image-caption > .sqsrte-small > em"	https://www.hiexperience.es/blog/accesibilidad-digital-hoja-de-ruta	"<em>UX Honeycomb de Peter Morville</em>"	"Asegura una relación de contraste mínima 4.5:1 (texto normal) o 3:1 (texto grande) entre texto y fondo."	"WCAG 2.1 / 2.2 AA (automatizado con axe-core)"	"Alta"	"1.4.3 Contraste (mínimo)"	https://www.hiexperience.es/auditorias/26-10-2025-www.hiexperience.es/screenshots/accesibilidad-sitemap.cy.js/color-contrast-1-1280x800.png	https://www.w3.org/WAI/WCAG21/Understanding/contrast-minimum.html	""
"landmark-unique-2"	"macOS + Electron (Cypress) + axe-core"	"Hay landmarks duplicados sin nombre único (aria-label/aria-labelledby)."	".header-display-desktop > .header-title-nav-wrapper > .header-nav > .header-nav-wrapper > .header-nav-list"	https://www.hiexperience.es/blog/accesibilidad-digital-hoja-de-ruta	"<nav class=""""header-nav-list"""">"	"Nombra landmarks duplicados con aria-label/aria-labelledby para distinguirlos."	"WCAG 2.1 / 2.2 AA (automatizado con axe-core)"	"Media"	"1.3.1 Información y relaciones"	https://www.hiexperience.es/auditorias/26-10-2025-www.hiexperience.es/screenshots/accesibilidad-sitemap.cy.js/landmark-unique-2-1280x800.png	https://www.w3.org/WAI/WCAG21/Understanding/info-and-relationships.html	""
"color-contrast-1"	"macOS + Electron (Cypress) + axe-core"	"El contraste entre el texto y su fondo es insuficiente."	"#yui_3_17_2_1_1761486331487_68 > figcaption > .image-caption > .sqsrte-small > em"	https://www.hiexperience.es/blog/accesibilidad-digital-hoja-de-ruta	"<em>UX Honeycomb de Peter Morville</em>"	"Asegura una relación de contraste mínima 4.5:1 (texto normal) o 3:1 (texto grande) entre texto y fondo."	"WCAG 2.1 / 2.2 AA (automatizado con axe-core)"	"Alta"	"1.4.3 Contraste (mínimo)"	https://www.hiexperience.es/auditorias/26-10-2025-www.hiexperience.es/screenshots/accesibilidad-sitemap.cy.js/color-contrast-1-375x812.png	https://www.w3.org/WAI/WCAG21/Understanding/contrast-minimum.html	""
"color-contrast-1"	"macOS + Electron (Cypress) + axe-core"	"El contraste entre el texto y su fondo es insuficiente."	"#block-yui_3_17_2_1_1693913030011_8486 > .sqs-block-content > .sqs-html-content[data-sqsp-text-block-content=""""""""] > .sqsrte-small"	https://www.hiexperience.es/blog/sesgos-accesibilidad-web	"<p class=""""sqsrte-small"""" style=""""white-space:pre-wrap;"""">- Heydon Pickering</p>"	"Asegura una relación de contraste mínima 4.5:1 (texto normal) o 3:1 (texto grande) entre texto y fondo."	"WCAG 2.1 / 2.2 AA (automatizado con axe-core)"	"Alta"	"1.4.3 Contraste (mínimo)"	https://www.hiexperience.es/auditorias/26-10-2025-www.hiexperience.es/screenshots/accesibilidad-sitemap.cy.js/color-contrast-1-1280x800.png	https://www.w3.org/WAI/WCAG21/Understanding/contrast-minimum.html	""
"landmark-unique-2"	"macOS + Electron (Cypress) + axe-core"	"Hay landmarks duplicados sin nombre único (aria-label/aria-labelledby)."	".header-display-desktop > .header-title-nav-wrapper > .header-nav > .header-nav-wrapper > .header-nav-list"	https://www.hiexperience.es/blog/sesgos-accesibilidad-web	"<nav class=""""header-nav-list"""">"	"Nombra landmarks duplicados con aria-label/aria-labelledby para distinguirlos."	"WCAG 2.1 / 2.2 AA (automatizado con axe-core)"	"Media"	"1.3.1 Información y relaciones"	https://www.hiexperience.es/auditorias/26-10-2025-www.hiexperience.es/screenshots/accesibilidad-sitemap.cy.js/landmark-unique-2-1280x800.png	https://www.w3.org/WAI/WCAG21/Understanding/info-and-relationships.html	""
"color-contrast-1"	"macOS + Electron (Cypress) + axe-core"	"El contraste entre el texto y su fondo es insuficiente."	"#block-yui_3_17_2_1_1693913030011_8486 > .sqs-block-content > .sqs-html-content[data-sqsp-text-block-content=""""""""] > .sqsrte-small"	https://www.hiexperience.es/blog/sesgos-accesibilidad-web	"<p class=""""sqsrte-small"""" style=""""white-space:pre-wrap;"""">- Heydon Pickering</p>"	"Asegura una relación de contraste mínima 4.5:1 (texto normal) o 3:1 (texto grande) entre texto y fondo."	"WCAG 2.1 / 2.2 AA (automatizado con axe-core)"	"Alta"	"1.4.3 Contraste (mínimo)"	https://www.hiexperience.es/auditorias/26-10-2025-www.hiexperience.es/screenshots/accesibilidad-sitemap.cy.js/color-contrast-1-375x812.png	https://www.w3.org/WAI/WCAG21/Understanding/contrast-minimum.html	""
"color-contrast-1"	"macOS + Electron (Cypress) + axe-core"	"El contraste entre el texto y su fondo es insuficiente."	"#yui_3_17_2_1_1761486337617_132 > figcaption > .image-caption > .sqsrte-small > em:nth-child(1)"	https://www.hiexperience.es/blog/como-crear-enlaces-accesibles	"<em>Ejemplo de </em>"	"Asegura una relación de contraste mínima 4.5:1 (texto normal) o 3:1 (texto grande) entre texto y fondo."	"WCAG 2.1 / 2.2 AA (automatizado con axe-core)"	"Alta"	"1.4.3 Contraste (mínimo)"	https://www.hiexperience.es/auditorias/26-10-2025-www.hiexperience.es/screenshots/accesibilidad-sitemap.cy.js/color-contrast-1-1280x800.png	https://www.w3.org/WAI/WCAG21/Understanding/contrast-minimum.html	""
"heading-order-2"	"macOS + Electron (Cypress) + axe-core"	"El orden jerárquico de encabezados no es lógico."	".sqs-html-content[data-sqsp-text-block-content=""""""""] > h4"	https://www.hiexperience.es/blog/como-crear-enlaces-accesibles	"<h4 style=""""white-space:pre-wrap;"""">¿Todos los enlaces externos deben tenerlo?</h4>"	"Reestructura los encabezados para mantener la jerarquía (h1>h2>h3...)."	"WCAG 2.1 / 2.2 AA (automatizado con axe-core)"	"Media"	"2.4.6 Encabezados y etiquetas"	https://www.hiexperience.es/auditorias/26-10-2025-www.hiexperience.es/screenshots/accesibilidad-sitemap.cy.js/heading-order-2-1280x800.png	https://www.w3.org/WAI/WCAG21/Understanding/headings-and-labels.html	""
"landmark-unique-3"	"macOS + Electron (Cypress) + axe-core"	"Hay landmarks duplicados sin nombre único (aria-label/aria-labelledby)."	".header-display-desktop > .header-title-nav-wrapper > .header-nav > .header-nav-wrapper > .header-nav-list"	https://www.hiexperience.es/blog/como-crear-enlaces-accesibles	"<nav class=""""header-nav-list"""">"	"Nombra landmarks duplicados con aria-label/aria-labelledby para distinguirlos."	"WCAG 2.1 / 2.2 AA (automatizado con axe-core)"	"Media"	"1.3.1 Información y relaciones"	https://www.hiexperience.es/auditorias/26-10-2025-www.hiexperience.es/screenshots/accesibilidad-sitemap.cy.js/landmark-unique-3-1280x800.png	https://www.w3.org/WAI/WCAG21/Understanding/info-and-relationships.html	""
"color-contrast-1"	"macOS + Electron (Cypress) + axe-core"	"El contraste entre el texto y su fondo es insuficiente."	"#yui_3_17_2_1_1761486337617_132 > figcaption > .image-caption > .sqsrte-small > em:nth-child(1)"	https://www.hiexperience.es/blog/como-crear-enlaces-accesibles	"<em>Ejemplo de </em>"	"Asegura una relación de contraste mínima 4.5:1 (texto normal) o 3:1 (texto grande) entre texto y fondo."	"WCAG 2.1 / 2.2 AA (automatizado con axe-core)"	"Alta"	"1.4.3 Contraste (mínimo)"	https://www.hiexperience.es/auditorias/26-10-2025-www.hiexperience.es/screenshots/accesibilidad-sitemap.cy.js/color-contrast-1-375x812.png	https://www.w3.org/WAI/WCAG21/Understanding/contrast-minimum.html	""
"heading-order-2"	"macOS + Electron (Cypress) + axe-core"	"El orden jerárquico de encabezados no es lógico."	".sqs-html-content[data-sqsp-text-block-content=""""""""] > h4"	https://www.hiexperience.es/blog/como-crear-enlaces-accesibles	"<h4 style=""""white-space:pre-wrap;"""">¿Todos los enlaces externos deben tenerlo?</h4>"	"Reestructura los encabezados para mantener la jerarquía (h1>h2>h3...)."	"WCAG 2.1 / 2.2 AA (automatizado con axe-core)"	"Media"	"2.4.6 Encabezados y etiquetas"	https://www.hiexperience.es/auditorias/26-10-2025-www.hiexperience.es/screenshots/accesibilidad-sitemap.cy.js/heading-order-2-375x812.png	https://www.w3.org/WAI/WCAG21/Understanding/headings-and-labels.html	""
"landmark-unique-1"	"macOS + Electron (Cypress) + axe-core"	"Hay landmarks duplicados sin nombre único (aria-label/aria-labelledby)."	".header-display-desktop > .header-title-nav-wrapper > .header-nav > .header-nav-wrapper > .header-nav-list"	https://www.hiexperience.es/blog/ivan-leal-narrativa	"<nav class=""""header-nav-list"""">"	"Nombra landmarks duplicados con aria-label/aria-labelledby para distinguirlos."	"WCAG 2.1 / 2.2 AA (automatizado con axe-core)"	"Media"	"1.3.1 Información y relaciones"	https://www.hiexperience.es/auditorias/26-10-2025-www.hiexperience.es/screenshots/accesibilidad-sitemap.cy.js/landmark-unique-1-1280x800.png	https://www.w3.org/WAI/WCAG21/Understanding/info-and-relationships.html	""
"color-contrast-1"	"macOS + Electron (Cypress) + axe-core"	"El contraste entre el texto y su fondo es insuficiente."	".image-caption > .sqsrte-small"	https://www.hiexperience.es/blog/dani-solana-diseno-emocional-conversion	"<p style=""""text-align:right;white-space:pre-wrap;"""" class=""""sqsrte-small"""">Pirámide CRO por Dani Solana</p>"	"Asegura una relación de contraste mínima 4.5:1 (texto normal) o 3:1 (texto grande) entre texto y fondo."	"WCAG 2.1 / 2.2 AA (automatizado con axe-core)"	"Alta"	"1.4.3 Contraste (mínimo)"	https://www.hiexperience.es/auditorias/26-10-2025-www.hiexperience.es/screenshots/accesibilidad-sitemap.cy.js/color-contrast-1-1280x800.png	https://www.w3.org/WAI/WCAG21/Understanding/contrast-minimum.html	""
"landmark-unique-2"	"macOS + Electron (Cypress) + axe-core"	"Hay landmarks duplicados sin nombre único (aria-label/aria-labelledby)."	".header-display-desktop > .header-title-nav-wrapper > .header-nav > .header-nav-wrapper > .header-nav-list"	https://www.hiexperience.es/blog/dani-solana-diseno-emocional-conversion	"<nav class=""""header-nav-list"""">"	"Nombra landmarks duplicados con aria-label/aria-labelledby para distinguirlos."	"WCAG 2.1 / 2.2 AA (automatizado con axe-core)"	"Media"	"1.3.1 Información y relaciones"	https://www.hiexperience.es/auditorias/26-10-2025-www.hiexperience.es/screenshots/accesibilidad-sitemap.cy.js/landmark-unique-2-1280x800.png	https://www.w3.org/WAI/WCAG21/Understanding/info-and-relationships.html	""
"color-contrast-1"	"macOS + Electron (Cypress) + axe-core"	"El contraste entre el texto y su fondo es insuficiente."	".image-caption > .sqsrte-small"	https://www.hiexperience.es/blog/dani-solana-diseno-emocional-conversion	"<p style=""""text-align:right;white-space:pre-wrap;"""" class=""""sqsrte-small"""">Pirámide CRO por Dani Solana</p>"	"Asegura una relación de contraste mínima 4.5:1 (texto normal) o 3:1 (texto grande) entre texto y fondo."	"WCAG 2.1 / 2.2 AA (automatizado con axe-core)"	"Alta"	"1.4.3 Contraste (mínimo)"	https://www.hiexperience.es/auditorias/26-10-2025-www.hiexperience.es/screenshots/accesibilidad-sitemap.cy.js/color-contrast-1-375x812.png	https://www.w3.org/WAI/WCAG21/Understanding/contrast-minimum.html	""
"landmark-unique-1"	"macOS + Electron (Cypress) + axe-core"	"Hay landmarks duplicados sin nombre único (aria-label/aria-labelledby)."	".header-display-desktop > .header-title-nav-wrapper > .header-nav > .header-nav-wrapper > .header-nav-list"	https://www.hiexperience.es/blog/category/CRO	"<nav class=""""header-nav-list"""">"	"Nombra landmarks duplicados con aria-label/aria-labelledby para distinguirlos."	"WCAG 2.1 / 2.2 AA (automatizado con axe-core)"	"Media"	"1.3.1 Información y relaciones"	https://www.hiexperience.es/auditorias/26-10-2025-www.hiexperience.es/screenshots/accesibilidad-sitemap.cy.js/landmark-unique-1-1280x800.png	https://www.w3.org/WAI/WCAG21/Understanding/info-and-relationships.html	""
"landmark-unique-1"	"macOS + Electron (Cypress) + axe-core"	"Hay landmarks duplicados sin nombre único (aria-label/aria-labelledby)."	".header-display-desktop > .header-title-nav-wrapper > .header-nav > .header-nav-wrapper > .header-nav-list"	https://www.hiexperience.es/blog/category/Accesibilidad+Digital	"<nav class=""""header-nav-list"""">"	"Nombra landmarks duplicados con aria-label/aria-labelledby para distinguirlos."	"WCAG 2.1 / 2.2 AA (automatizado con axe-core)"	"Media"	"1.3.1 Información y relaciones"	https://www.hiexperience.es/auditorias/26-10-2025-www.hiexperience.es/screenshots/accesibilidad-sitemap.cy.js/landmark-unique-1-1280x800.png	https://www.w3.org/WAI/WCAG21/Understanding/info-and-relationships.html	""
"landmark-unique-1"	"macOS + Electron (Cypress) + axe-core"	"Hay landmarks duplicados sin nombre único (aria-label/aria-labelledby)."	".header-display-desktop > .header-title-nav-wrapper > .header-nav > .header-nav-wrapper > .header-nav-list"	https://www.hiexperience.es/blog/category/Behavioral+Design	"<nav class=""""header-nav-list"""">"	"Nombra landmarks duplicados con aria-label/aria-labelledby para distinguirlos."	"WCAG 2.1 / 2.2 AA (automatizado con axe-core)"	"Media"	"1.3.1 Información y relaciones"	https://www.hiexperience.es/auditorias/26-10-2025-www.hiexperience.es/screenshots/accesibilidad-sitemap.cy.js/landmark-unique-1-1280x800.png	https://www.w3.org/WAI/WCAG21/Understanding/info-and-relationships.html	""
"landmark-unique-1"	"macOS + Electron (Cypress) + axe-core"	"Hay landmarks duplicados sin nombre único (aria-label/aria-labelledby)."	".header-display-desktop > .header-title-nav-wrapper > .header-nav > .header-nav-wrapper > .header-nav-list"	https://www.hiexperience.es/blog/category/Narrativa+Digital	"<nav class=""""header-nav-list"""">"	"Nombra landmarks duplicados con aria-label/aria-labelledby para distinguirlos."	"WCAG 2.1 / 2.2 AA (automatizado con axe-core)"	"Media"	"1.3.1 Información y relaciones"	https://www.hiexperience.es/auditorias/26-10-2025-www.hiexperience.es/screenshots/accesibilidad-sitemap.cy.js/landmark-unique-1-1280x800.png	https://www.w3.org/WAI/WCAG21/Understanding/info-and-relationships.html	""
"landmark-unique-1"	"macOS + Electron (Cypress) + axe-core"	"Hay landmarks duplicados sin nombre único (aria-label/aria-labelledby)."	".header-display-desktop > .header-title-nav-wrapper > .header-nav > .header-nav-wrapper > .header-nav-list"	https://www.hiexperience.es/blog/category/Implants	"<nav class=""""header-nav-list"""">"	"Nombra landmarks duplicados con aria-label/aria-labelledby para distinguirlos."	"WCAG 2.1 / 2.2 AA (automatizado con axe-core)"	"Media"	"1.3.1 Información y relaciones"	https://www.hiexperience.es/auditorias/26-10-2025-www.hiexperience.es/screenshots/accesibilidad-sitemap.cy.js/landmark-unique-1-1280x800.png	https://www.w3.org/WAI/WCAG21/Understanding/info-and-relationships.html	""
"landmark-unique-1"	"macOS + Electron (Cypress) + axe-core"	"Hay landmarks duplicados sin nombre único (aria-label/aria-labelledby)."	".header-display-desktop > .header-title-nav-wrapper > .header-nav > .header-nav-wrapper > .header-nav-list"	https://www.hiexperience.es/blog/category/Ecommerce	"<nav class=""""header-nav-list"""">"	"Nombra landmarks duplicados con aria-label/aria-labelledby para distinguirlos."	"WCAG 2.1 / 2.2 AA (automatizado con axe-core)"	"Media"	"1.3.1 Información y relaciones"	https://www.hiexperience.es/auditorias/26-10-2025-www.hiexperience.es/screenshots/accesibilidad-sitemap.cy.js/landmark-unique-1-1280x800.png	https://www.w3.org/WAI/WCAG21/Understanding/info-and-relationships.html	""
"landmark-unique-1"	"macOS + Electron (Cypress) + axe-core"	"Hay landmarks duplicados sin nombre único (aria-label/aria-labelledby)."	".header-display-desktop > .header-title-nav-wrapper > .header-nav > .header-nav-wrapper > .header-nav-list"	https://www.hiexperience.es/blog/category/UX+Writing	"<nav class=""""header-nav-list"""">"	"Nombra landmarks duplicados con aria-label/aria-labelledby para distinguirlos."	"WCAG 2.1 / 2.2 AA (automatizado con axe-core)"	"Media"	"1.3.1 Información y relaciones"	https://www.hiexperience.es/auditorias/26-10-2025-www.hiexperience.es/screenshots/accesibilidad-sitemap.cy.js/landmark-unique-1-1280x800.png	https://www.w3.org/WAI/WCAG21/Understanding/info-and-relationships.html	""
"landmark-unique-1"	"macOS + Electron (Cypress) + axe-core"	"Hay landmarks duplicados sin nombre único (aria-label/aria-labelledby)."	".header-display-desktop > .header-title-nav-wrapper > .header-nav > .header-nav-wrapper > .header-nav-list"	https://www.hiexperience.es/blog/category/UX+Design	"<nav class=""""header-nav-list"""">"	"Nombra landmarks duplicados con aria-label/aria-labelledby para distinguirlos."	"WCAG 2.1 / 2.2 AA (automatizado con axe-core)"	"Media"	"1.3.1 Información y relaciones"	https://www.hiexperience.es/auditorias/26-10-2025-www.hiexperience.es/screenshots/accesibilidad-sitemap.cy.js/landmark-unique-1-1280x800.png	https://www.w3.org/WAI/WCAG21/Understanding/info-and-relationships.html	""
"landmark-unique-1"	"macOS + Electron (Cypress) + axe-core"	"Hay landmarks duplicados sin nombre único (aria-label/aria-labelledby)."	".header-display-desktop > .header-title-nav-wrapper > .header-nav > .header-nav-wrapper > .header-nav-list"	https://www.hiexperience.es/blog/tag/Experiencia+Usuario	"<nav class=""""header-nav-list"""">"	"Nombra landmarks duplicados con aria-label/aria-labelledby para distinguirlos."	"WCAG 2.1 / 2.2 AA (automatizado con axe-core)"	"Media"	"1.3.1 Información y relaciones"	https://www.hiexperience.es/auditorias/26-10-2025-www.hiexperience.es/screenshots/accesibilidad-sitemap.cy.js/landmark-unique-1-1280x800.png	https://www.w3.org/WAI/WCAG21/Understanding/info-and-relationships.html	""
"landmark-unique-1"	"macOS + Electron (Cypress) + axe-core"	"Hay landmarks duplicados sin nombre único (aria-label/aria-labelledby)."	".header-display-desktop > .header-title-nav-wrapper > .header-nav > .header-nav-wrapper > .header-nav-list"	https://www.hiexperience.es/blog/tag/UX	"<nav class=""""header-nav-list"""">"	"Nombra landmarks duplicados con aria-label/aria-labelledby para distinguirlos."	"WCAG 2.1 / 2.2 AA (automatizado con axe-core)"	"Media"	"1.3.1 Información y relaciones"	https://www.hiexperience.es/auditorias/26-10-2025-www.hiexperience.es/screenshots/accesibilidad-sitemap.cy.js/landmark-unique-1-1280x800.png	https://www.w3.org/WAI/WCAG21/Understanding/info-and-relationships.html	""
"landmark-unique-1"	"macOS + Electron (Cypress) + axe-core"	"Hay landmarks duplicados sin nombre único (aria-label/aria-labelledby)."	".header-display-desktop > .header-title-nav-wrapper > .header-nav > .header-nav-wrapper > .header-nav-list"	https://www.hiexperience.es/blog/tag/DesignOps	"<nav class=""""header-nav-list"""">"	"Nombra landmarks duplicados con aria-label/aria-labelledby para distinguirlos."	"WCAG 2.1 / 2.2 AA (automatizado con axe-core)"	"Media"	"1.3.1 Información y relaciones"	https://www.hiexperience.es/auditorias/26-10-2025-www.hiexperience.es/screenshots/accesibilidad-sitemap.cy.js/landmark-unique-1-1280x800.png	https://www.w3.org/WAI/WCAG21/Understanding/info-and-relationships.html	""
"landmark-unique-1"	"macOS + Electron (Cypress) + axe-core"	"Hay landmarks duplicados sin nombre único (aria-label/aria-labelledby)."	".header-display-desktop > .header-title-nav-wrapper > .header-nav > .header-nav-wrapper > .header-nav-list"	https://www.hiexperience.es/blog/tag/Conversión	"<nav class=""""header-nav-list"""">"	"Nombra landmarks duplicados con aria-label/aria-labelledby para distinguirlos."	"WCAG 2.1 / 2.2 AA (automatizado con axe-core)"	"Media"	"1.3.1 Información y relaciones"	https://www.hiexperience.es/auditorias/26-10-2025-www.hiexperience.es/screenshots/accesibilidad-sitemap.cy.js/landmark-unique-1-1280x800.png	https://www.w3.org/WAI/WCAG21/Understanding/info-and-relationships.html	""
"landmark-unique-1"	"macOS + Electron (Cypress) + axe-core"	"Hay landmarks duplicados sin nombre único (aria-label/aria-labelledby)."	".header-display-desktop > .header-title-nav-wrapper > .header-nav > .header-nav-wrapper > .header-nav-list"	https://www.hiexperience.es/podcast-hug	"<nav class=""""header-nav-list"""">"	"Nombra landmarks duplicados con aria-label/aria-labelledby para distinguirlos."	"WCAG 2.1 / 2.2 AA (automatizado con axe-core)"	"Media"	"1.3.1 Información y relaciones"	https://www.hiexperience.es/auditorias/26-10-2025-www.hiexperience.es/screenshots/accesibilidad-sitemap.cy.js/landmark-unique-1-1280x800.png	https://www.w3.org/WAI/WCAG21/Understanding/info-and-relationships.html	""
"heading-order-1"	"macOS + Electron (Cypress) + axe-core"	"El orden jerárquico de encabezados no es lógico."	"#block-f1b23c9af617da00ac34 > .sqs-block-content > .sqs-html-content[data-sqsp-text-block-content=""""""""] > h3"	https://www.hiexperience.es/podcast-hug/hug19-analitica-producto	"<h3 style=""""white-space:pre-wrap;"""">Temas destacados</h3>"	"Reestructura los encabezados para mantener la jerarquía (h1>h2>h3...)."	"WCAG 2.1 / 2.2 AA (automatizado con axe-core)"	"Media"	"2.4.6 Encabezados y etiquetas"	https://www.hiexperience.es/auditorias/26-10-2025-www.hiexperience.es/screenshots/accesibilidad-sitemap.cy.js/heading-order-1-1280x800.png	https://www.w3.org/WAI/WCAG21/Understanding/headings-and-labels.html	""
"landmark-unique-2"	"macOS + Electron (Cypress) + axe-core"	"Hay landmarks duplicados sin nombre único (aria-label/aria-labelledby)."	".header-display-desktop > .header-title-nav-wrapper > .header-nav > .header-nav-wrapper > .header-nav-list"	https://www.hiexperience.es/podcast-hug/hug19-analitica-producto	"<nav class=""""header-nav-list"""">"	"Nombra landmarks duplicados con aria-label/aria-labelledby para distinguirlos."	"WCAG 2.1 / 2.2 AA (automatizado con axe-core)"	"Media"	"1.3.1 Información y relaciones"	https://www.hiexperience.es/auditorias/26-10-2025-www.hiexperience.es/screenshots/accesibilidad-sitemap.cy.js/landmark-unique-2-1280x800.png	https://www.w3.org/WAI/WCAG21/Understanding/info-and-relationships.html	""
"link-name-3"	"macOS + Electron (Cypress) + axe-core"	"El enlace no tiene nombre accesible (texto o aria-label) claro."	"#yui_3_17_2_1_1761486370727_71"	https://www.hiexperience.es/podcast-hug/hug19-analitica-producto	"<a class="""" sqs-block-image-link """" href=""""https://youtu.be/iQe7VQL86qU"""" target=""""_blank"""" id=""""yui_3_17_2_1_1761486370727_71"""">"	"Proporciona nombre accesible al enlace (texto visible, aria-label o aria-labelledby)."	"WCAG 2.1 / 2.2 AA (automatizado con axe-core)"	"Alta"	"2.4.4 Propósito de los enlaces (en contexto)"	https://www.hiexperience.es/auditorias/26-10-2025-www.hiexperience.es/screenshots/accesibilidad-sitemap.cy.js/link-name-3-1280x800.png	https://www.w3.org/WAI/WCAG21/Understanding/link-purpose-in-context.html	""
"heading-order-1"	"macOS + Electron (Cypress) + axe-core"	"El orden jerárquico de encabezados no es lógico."	"#block-f1b23c9af617da00ac34 > .sqs-block-content > .sqs-html-content[data-sqsp-text-block-content=""""""""] > h3"	https://www.hiexperience.es/podcast-hug/hug19-analitica-producto	"<h3 style=""""white-space:pre-wrap;"""">Temas destacados</h3>"	"Reestructura los encabezados para mantener la jerarquía (h1>h2>h3...)."	"WCAG 2.1 / 2.2 AA (automatizado con axe-core)"	"Media"	"2.4.6 Encabezados y etiquetas"	https://www.hiexperience.es/auditorias/26-10-2025-www.hiexperience.es/screenshots/accesibilidad-sitemap.cy.js/heading-order-1-375x812.png	https://www.w3.org/WAI/WCAG21/Understanding/headings-and-labels.html	""
"link-name-2"	"macOS + Electron (Cypress) + axe-core"	"El enlace no tiene nombre accesible (texto o aria-label) claro."	"#yui_3_17_2_1_1761486370727_71"	https://www.hiexperience.es/podcast-hug/hug19-analitica-producto	"<a class="""" sqs-block-image-link """" href=""""https://youtu.be/iQe7VQL86qU"""" target=""""_blank"""" id=""""yui_3_17_2_1_1761486370727_71"""">"	"Proporciona nombre accesible al enlace (texto visible, aria-label o aria-labelledby)."	"WCAG 2.1 / 2.2 AA (automatizado con axe-core)"	"Alta"	"2.4.4 Propósito de los enlaces (en contexto)"	https://www.hiexperience.es/auditorias/26-10-2025-www.hiexperience.es/screenshots/accesibilidad-sitemap.cy.js/link-name-2-375x812.png	https://www.w3.org/WAI/WCAG21/Understanding/link-purpose-in-context.html	""
"heading-order-1"	"macOS + Electron (Cypress) + axe-core"	"El orden jerárquico de encabezados no es lógico."	"#block-e943e2c121b8cb9fe472 > .sqs-block-content > .sqs-html-content[data-sqsp-text-block-content=""""""""] > h3"	https://www.hiexperience.es/podcast-hug/hug18-uxwriting	"<h3 style=""""white-space:pre-wrap;"""">Temas destacados</h3>"	"Reestructura los encabezados para mantener la jerarquía (h1>h2>h3...)."	"WCAG 2.1 / 2.2 AA (automatizado con axe-core)"	"Media"	"2.4.6 Encabezados y etiquetas"	https://www.hiexperience.es/auditorias/26-10-2025-www.hiexperience.es/screenshots/accesibilidad-sitemap.cy.js/heading-order-1-1280x800.png	https://www.w3.org/WAI/WCAG21/Understanding/headings-and-labels.html	""
"landmark-unique-2"	"macOS + Electron (Cypress) + axe-core"	"Hay landmarks duplicados sin nombre único (aria-label/aria-labelledby)."	".header-display-desktop > .header-title-nav-wrapper > .header-nav > .header-nav-wrapper > .header-nav-list"	https://www.hiexperience.es/podcast-hug/hug18-uxwriting	"<nav class=""""header-nav-list"""">"	"Nombra landmarks duplicados con aria-label/aria-labelledby para distinguirlos."	"WCAG 2.1 / 2.2 AA (automatizado con axe-core)"	"Media"	"1.3.1 Información y relaciones"	https://www.hiexperience.es/auditorias/26-10-2025-www.hiexperience.es/screenshots/accesibilidad-sitemap.cy.js/landmark-unique-2-1280x800.png	https://www.w3.org/WAI/WCAG21/Understanding/info-and-relationships.html	""
"link-name-3"	"macOS + Electron (Cypress) + axe-core"	"El enlace no tiene nombre accesible (texto o aria-label) claro."	"#yui_3_17_2_1_1761486375812_71"	https://www.hiexperience.es/podcast-hug/hug18-uxwriting	"<a class="""" sqs-block-image-link """" href=""""https://www.youtube.com/watch?v=Z2cvJtrM-9E&t=368s"""" target=""""_blank"""" id=""""yui_3_17_2_1_1761486375812_71"""">"	"Proporciona nombre accesible al enlace (texto visible, aria-label o aria-labelledby)."	"WCAG 2.1 / 2.2 AA (automatizado con axe-core)"	"Alta"	"2.4.4 Propósito de los enlaces (en contexto)"	https://www.hiexperience.es/auditorias/26-10-2025-www.hiexperience.es/screenshots/accesibilidad-sitemap.cy.js/link-name-3-1280x800.png	https://www.w3.org/WAI/WCAG21/Understanding/link-purpose-in-context.html	""
"heading-order-1"	"macOS + Electron (Cypress) + axe-core"	"El orden jerárquico de encabezados no es lógico."	"#block-e943e2c121b8cb9fe472 > .sqs-block-content > .sqs-html-content[data-sqsp-text-block-content=""""""""] > h3"	https://www.hiexperience.es/podcast-hug/hug18-uxwriting	"<h3 style=""""white-space:pre-wrap;"""">Temas destacados</h3>"	"Reestructura los encabezados para mantener la jerarquía (h1>h2>h3...)."	"WCAG 2.1 / 2.2 AA (automatizado con axe-core)"	"Media"	"2.4.6 Encabezados y etiquetas"	https://www.hiexperience.es/auditorias/26-10-2025-www.hiexperience.es/screenshots/accesibilidad-sitemap.cy.js/heading-order-1-375x812.png	https://www.w3.org/WAI/WCAG21/Understanding/headings-and-labels.html	""
"link-name-2"	"macOS + Electron (Cypress) + axe-core"	"El enlace no tiene nombre accesible (texto o aria-label) claro."	"#yui_3_17_2_1_1761486375812_71"	https://www.hiexperience.es/podcast-hug/hug18-uxwriting	"<a class="""" sqs-block-image-link """" href=""""https://www.youtube.com/watch?v=Z2cvJtrM-9E&t=368s"""" target=""""_blank"""" id=""""yui_3_17_2_1_1761486375812_71"""">"	"Proporciona nombre accesible al enlace (texto visible, aria-label o aria-labelledby)."	"WCAG 2.1 / 2.2 AA (automatizado con axe-core)"	"Alta"	"2.4.4 Propósito de los enlaces (en contexto)"	https://www.hiexperience.es/auditorias/26-10-2025-www.hiexperience.es/screenshots/accesibilidad-sitemap.cy.js/link-name-2-375x812.png	https://www.w3.org/WAI/WCAG21/Understanding/link-purpose-in-context.html	""
"frame-title-1"	"macOS + Electron (Cypress) + axe-core"	"El iframe carece de título (title) descriptivo."	"iframe[height=""""480""""]"	https://www.hiexperience.es/podcast-hug/designops-ia-hug17	"<iframe src=""""https://www.youtube.com/embed/JY29fDooStU?wmode=opaque"""" height=""""480"""" width=""""854"""" scrolling=""""no"""" frameborder=""""0"""" allowfullscreen=""""""""></iframe>"	"Incluye atributo title descriptivo en iframes que indique su propósito."	"WCAG 2.1 / 2.2 AA (automatizado con axe-core)"	"Alta"	"4.1.2 Nombre, función, valor"	https://www.hiexperience.es/auditorias/26-10-2025-www.hiexperience.es/screenshots/accesibilidad-sitemap.cy.js/frame-title-1-1280x800.png	https://www.w3.org/WAI/WCAG21/Understanding/name-role-value.html	""
"heading-order-2"	"macOS + Electron (Cypress) + axe-core"	"El orden jerárquico de encabezados no es lógico."	"#block-f0b52c3df08dfc5ce6eb > .sqs-block-content > .sqs-html-content[data-sqsp-text-block-content=""""""""] > h3"	https://www.hiexperience.es/podcast-hug/designops-ia-hug17	"<h3 style=""""white-space:pre-wrap;"""">¿De qué hablamos?</h3>"	"Reestructura los encabezados para mantener la jerarquía (h1>h2>h3...)."	"WCAG 2.1 / 2.2 AA (automatizado con axe-core)"	"Media"	"2.4.6 Encabezados y etiquetas"	https://www.hiexperience.es/auditorias/26-10-2025-www.hiexperience.es/screenshots/accesibilidad-sitemap.cy.js/heading-order-2-1280x800.png	https://www.w3.org/WAI/WCAG21/Understanding/headings-and-labels.html	""
"landmark-unique-3"	"macOS + Electron (Cypress) + axe-core"	"Hay landmarks duplicados sin nombre único (aria-label/aria-labelledby)."	".header-display-desktop > .header-title-nav-wrapper > .header-nav > .header-nav-wrapper > .header-nav-list"	https://www.hiexperience.es/podcast-hug/designops-ia-hug17	"<nav class=""""header-nav-list"""">"	"Nombra landmarks duplicados con aria-label/aria-labelledby para distinguirlos."	"WCAG 2.1 / 2.2 AA (automatizado con axe-core)"	"Media"	"1.3.1 Información y relaciones"	https://www.hiexperience.es/auditorias/26-10-2025-www.hiexperience.es/screenshots/accesibilidad-sitemap.cy.js/landmark-unique-3-1280x800.png	https://www.w3.org/WAI/WCAG21/Understanding/info-and-relationships.html	""
"frame-title-1"	"macOS + Electron (Cypress) + axe-core"	"El iframe carece de título (title) descriptivo."	"iframe[height=""""480""""]"	https://www.hiexperience.es/podcast-hug/designops-ia-hug17	"<iframe src=""""https://www.youtube.com/embed/JY29fDooStU?wmode=opaque"""" height=""""480"""" width=""""854"""" scrolling=""""no"""" frameborder=""""0"""" allowfullscreen=""""""""></iframe>"	"Incluye atributo title descriptivo en iframes que indique su propósito."	"WCAG 2.1 / 2.2 AA (automatizado con axe-core)"	"Alta"	"4.1.2 Nombre, función, valor"	https://www.hiexperience.es/auditorias/26-10-2025-www.hiexperience.es/screenshots/accesibilidad-sitemap.cy.js/frame-title-1-375x812.png	https://www.w3.org/WAI/WCAG21/Understanding/name-role-value.html	""
"heading-order-2"	"macOS + Electron (Cypress) + axe-core"	"El orden jerárquico de encabezados no es lógico."	"#block-f0b52c3df08dfc5ce6eb > .sqs-block-content > .sqs-html-content[data-sqsp-text-block-content=""""""""] > h3"	https://www.hiexperience.es/podcast-hug/designops-ia-hug17	"<h3 style=""""white-space:pre-wrap;"""">¿De qué hablamos?</h3>"	"Reestructura los encabezados para mantener la jerarquía (h1>h2>h3...)."	"WCAG 2.1 / 2.2 AA (automatizado con axe-core)"	"Media"	"2.4.6 Encabezados y etiquetas"	https://www.hiexperience.es/auditorias/26-10-2025-www.hiexperience.es/screenshots/accesibilidad-sitemap.cy.js/heading-order-2-375x812.png	https://www.w3.org/WAI/WCAG21/Understanding/headings-and-labels.html	""
"frame-title-1"	"macOS + Electron (Cypress) + axe-core"	"El iframe carece de título (title) descriptivo."	"iframe[height=""""480""""]"	https://www.hiexperience.es/podcast-hug/diseno-en-bbva	"<iframe src=""""https://www.youtube.com/embed/El1N-6fxqis?wmode=opaque"""" height=""""480"""" width=""""854"""" scrolling=""""no"""" frameborder=""""0"""" allowfullscreen=""""""""></iframe>"	"Incluye atributo title descriptivo en iframes que indique su propósito."	"WCAG 2.1 / 2.2 AA (automatizado con axe-core)"	"Alta"	"4.1.2 Nombre, función, valor"	https://www.hiexperience.es/auditorias/26-10-2025-www.hiexperience.es/screenshots/accesibilidad-sitemap.cy.js/frame-title-1-1280x800.png	https://www.w3.org/WAI/WCAG21/Understanding/name-role-value.html	""
"heading-order-2"	"macOS + Electron (Cypress) + axe-core"	"El orden jerárquico de encabezados no es lógico."	"#block-061505d2c8c0fd0bd7d3 > .sqs-block-content > .sqs-html-content[data-sqsp-text-block-content=""""""""] > h3"	https://www.hiexperience.es/podcast-hug/diseno-en-bbva	"<h3 style=""""white-space:pre-wrap;"""">¿De qué hablamos?</h3>"	"Reestructura los encabezados para mantener la jerarquía (h1>h2>h3...)."	"WCAG 2.1 / 2.2 AA (automatizado con axe-core)"	"Media"	"2.4.6 Encabezados y etiquetas"	https://www.hiexperience.es/auditorias/26-10-2025-www.hiexperience.es/screenshots/accesibilidad-sitemap.cy.js/heading-order-2-1280x800.png	https://www.w3.org/WAI/WCAG21/Understanding/headings-and-labels.html	""
"landmark-unique-3"	"macOS + Electron (Cypress) + axe-core"	"Hay landmarks duplicados sin nombre único (aria-label/aria-labelledby)."	".header-display-desktop > .header-title-nav-wrapper > .header-nav > .header-nav-wrapper > .header-nav-list"	https://www.hiexperience.es/podcast-hug/diseno-en-bbva	"<nav class=""""header-nav-list"""">"	"Nombra landmarks duplicados con aria-label/aria-labelledby para distinguirlos."	"WCAG 2.1 / 2.2 AA (automatizado con axe-core)"	"Media"	"1.3.1 Información y relaciones"	https://www.hiexperience.es/auditorias/26-10-2025-www.hiexperience.es/screenshots/accesibilidad-sitemap.cy.js/landmark-unique-3-1280x800.png	https://www.w3.org/WAI/WCAG21/Understanding/info-and-relationships.html	""
"frame-title-1"	"macOS + Electron (Cypress) + axe-core"	"El iframe carece de título (title) descriptivo."	"iframe[height=""""480""""]"	https://www.hiexperience.es/podcast-hug/diseno-en-bbva	"<iframe src=""""https://www.youtube.com/embed/El1N-6fxqis?wmode=opaque"""" height=""""480"""" width=""""854"""" scrolling=""""no"""" frameborder=""""0"""" allowfullscreen=""""""""></iframe>"	"Incluye atributo title descriptivo en iframes que indique su propósito."	"WCAG 2.1 / 2.2 AA (automatizado con axe-core)"	"Alta"	"4.1.2 Nombre, función, valor"	https://www.hiexperience.es/auditorias/26-10-2025-www.hiexperience.es/screenshots/accesibilidad-sitemap.cy.js/frame-title-1-375x812.png	https://www.w3.org/WAI/WCAG21/Understanding/name-role-value.html	""
"heading-order-2"	"macOS + Electron (Cypress) + axe-core"	"El orden jerárquico de encabezados no es lógico."	"#block-061505d2c8c0fd0bd7d3 > .sqs-block-content > .sqs-html-content[data-sqsp-text-block-content=""""""""] > h3"	https://www.hiexperience.es/podcast-hug/diseno-en-bbva	"<h3 style=""""white-space:pre-wrap;"""">¿De qué hablamos?</h3>"	"Reestructura los encabezados para mantener la jerarquía (h1>h2>h3...)."	"WCAG 2.1 / 2.2 AA (automatizado con axe-core)"	"Media"	"2.4.6 Encabezados y etiquetas"	https://www.hiexperience.es/auditorias/26-10-2025-www.hiexperience.es/screenshots/accesibilidad-sitemap.cy.js/heading-order-2-375x812.png	https://www.w3.org/WAI/WCAG21/Understanding/headings-and-labels.html	""
"frame-title-1"	"macOS + Electron (Cypress) + axe-core"	"El iframe carece de título (title) descriptivo."	"iframe[height=""""480""""]"	https://www.hiexperience.es/podcast-hug/design-system	"<iframe src=""""https://www.youtube.com/embed/zfeswFndKPc?wmode=opaque"""" height=""""480"""" width=""""854"""" scrolling=""""no"""" frameborder=""""0"""" allowfullscreen=""""""""></iframe>"	"Incluye atributo title descriptivo en iframes que indique su propósito."	"WCAG 2.1 / 2.2 AA (automatizado con axe-core)"	"Alta"	"4.1.2 Nombre, función, valor"	https://www.hiexperience.es/auditorias/26-10-2025-www.hiexperience.es/screenshots/accesibilidad-sitemap.cy.js/frame-title-1-1280x800.png	https://www.w3.org/WAI/WCAG21/Understanding/name-role-value.html	""
"heading-order-2"	"macOS + Electron (Cypress) + axe-core"	"El orden jerárquico de encabezados no es lógico."	"#block-98fb5caa37dc43d6870b > .sqs-block-content > .sqs-html-content[data-sqsp-text-block-content=""""""""] > h3"	https://www.hiexperience.es/podcast-hug/design-system	"<h3 style=""""white-space:pre-wrap;"""">¿De qué hablamos?</h3>"	"Reestructura los encabezados para mantener la jerarquía (h1>h2>h3...)."	"WCAG 2.1 / 2.2 AA (automatizado con axe-core)"	"Media"	"2.4.6 Encabezados y etiquetas"	https://www.hiexperience.es/auditorias/26-10-2025-www.hiexperience.es/screenshots/accesibilidad-sitemap.cy.js/heading-order-2-1280x800.png	https://www.w3.org/WAI/WCAG21/Understanding/headings-and-labels.html	""
"landmark-unique-3"	"macOS + Electron (Cypress) + axe-core"	"Hay landmarks duplicados sin nombre único (aria-label/aria-labelledby)."	".header-display-desktop > .header-title-nav-wrapper > .header-nav > .header-nav-wrapper > .header-nav-list"	https://www.hiexperience.es/podcast-hug/design-system	"<nav class=""""header-nav-list"""">"	"Nombra landmarks duplicados con aria-label/aria-labelledby para distinguirlos."	"WCAG 2.1 / 2.2 AA (automatizado con axe-core)"	"Media"	"1.3.1 Información y relaciones"	https://www.hiexperience.es/auditorias/26-10-2025-www.hiexperience.es/screenshots/accesibilidad-sitemap.cy.js/landmark-unique-3-1280x800.png	https://www.w3.org/WAI/WCAG21/Understanding/info-and-relationships.html	""
"frame-title-1"	"macOS + Electron (Cypress) + axe-core"	"El iframe carece de título (title) descriptivo."	"iframe[height=""""480""""]"	https://www.hiexperience.es/podcast-hug/design-system	"<iframe src=""""https://www.youtube.com/embed/zfeswFndKPc?wmode=opaque"""" height=""""480"""" width=""""854"""" scrolling=""""no"""" frameborder=""""0"""" allowfullscreen=""""""""></iframe>"	"Incluye atributo title descriptivo en iframes que indique su propósito."	"WCAG 2.1 / 2.2 AA (automatizado con axe-core)"	"Alta"	"4.1.2 Nombre, función, valor"	https://www.hiexperience.es/auditorias/26-10-2025-www.hiexperience.es/screenshots/accesibilidad-sitemap.cy.js/frame-title-1-375x812.png	https://www.w3.org/WAI/WCAG21/Understanding/name-role-value.html	""
"heading-order-2"	"macOS + Electron (Cypress) + axe-core"	"El orden jerárquico de encabezados no es lógico."	"#block-98fb5caa37dc43d6870b > .sqs-block-content > .sqs-html-content[data-sqsp-text-block-content=""""""""] > h3"	https://www.hiexperience.es/podcast-hug/design-system	"<h3 style=""""white-space:pre-wrap;"""">¿De qué hablamos?</h3>"	"Reestructura los encabezados para mantener la jerarquía (h1>h2>h3...)."	"WCAG 2.1 / 2.2 AA (automatizado con axe-core)"	"Media"	"2.4.6 Encabezados y etiquetas"	https://www.hiexperience.es/auditorias/26-10-2025-www.hiexperience.es/screenshots/accesibilidad-sitemap.cy.js/heading-order-2-375x812.png	https://www.w3.org/WAI/WCAG21/Understanding/headings-and-labels.html	""
"frame-title-1"	"macOS + Electron (Cypress) + axe-core"	"El iframe carece de título (title) descriptivo."	"iframe[height=""""480""""]"	https://www.hiexperience.es/podcast-hug/diseno-y-finanzas	"<iframe src=""""https://www.youtube.com/embed/tZcfNRb4DiA?wmode=opaque"""" height=""""480"""" width=""""854"""" scrolling=""""no"""" frameborder=""""0"""" allowfullscreen=""""""""></iframe>"	"Incluye atributo title descriptivo en iframes que indique su propósito."	"WCAG 2.1 / 2.2 AA (automatizado con axe-core)"	"Alta"	"4.1.2 Nombre, función, valor"	https://www.hiexperience.es/auditorias/26-10-2025-www.hiexperience.es/screenshots/accesibilidad-sitemap.cy.js/frame-title-1-1280x800.png	https://www.w3.org/WAI/WCAG21/Understanding/name-role-value.html	""
"heading-order-2"	"macOS + Electron (Cypress) + axe-core"	"El orden jerárquico de encabezados no es lógico."	"#block-fa7fa4514b001ba7bd2b > .sqs-block-content > .sqs-html-content[data-sqsp-text-block-content=""""""""] > h3"	https://www.hiexperience.es/podcast-hug/diseno-y-finanzas	"<h3 style=""""white-space:pre-wrap;"""">¿De qué hablamos?</h3>"	"Reestructura los encabezados para mantener la jerarquía (h1>h2>h3...)."	"WCAG 2.1 / 2.2 AA (automatizado con axe-core)"	"Media"	"2.4.6 Encabezados y etiquetas"	https://www.hiexperience.es/auditorias/26-10-2025-www.hiexperience.es/screenshots/accesibilidad-sitemap.cy.js/heading-order-2-1280x800.png	https://www.w3.org/WAI/WCAG21/Understanding/headings-and-labels.html	""
"landmark-unique-3"	"macOS + Electron (Cypress) + axe-core"	"Hay landmarks duplicados sin nombre único (aria-label/aria-labelledby)."	".header-display-desktop > .header-title-nav-wrapper > .header-nav > .header-nav-wrapper > .header-nav-list"	https://www.hiexperience.es/podcast-hug/diseno-y-finanzas	"<nav class=""""header-nav-list"""">"	"Nombra landmarks duplicados con aria-label/aria-labelledby para distinguirlos."	"WCAG 2.1 / 2.2 AA (automatizado con axe-core)"	"Media"	"1.3.1 Información y relaciones"	https://www.hiexperience.es/auditorias/26-10-2025-www.hiexperience.es/screenshots/accesibilidad-sitemap.cy.js/landmark-unique-3-1280x800.png	https://www.w3.org/WAI/WCAG21/Understanding/info-and-relationships.html	""
"frame-title-1"	"macOS + Electron (Cypress) + axe-core"	"El iframe carece de título (title) descriptivo."	"iframe[height=""""480""""]"	https://www.hiexperience.es/podcast-hug/diseno-y-finanzas	"<iframe src=""""https://www.youtube.com/embed/tZcfNRb4DiA?wmode=opaque"""" height=""""480"""" width=""""854"""" scrolling=""""no"""" frameborder=""""0"""" allowfullscreen=""""""""></iframe>"	"Incluye atributo title descriptivo en iframes que indique su propósito."	"WCAG 2.1 / 2.2 AA (automatizado con axe-core)"	"Alta"	"4.1.2 Nombre, función, valor"	https://www.hiexperience.es/auditorias/26-10-2025-www.hiexperience.es/screenshots/accesibilidad-sitemap.cy.js/frame-title-1-375x812.png	https://www.w3.org/WAI/WCAG21/Understanding/name-role-value.html	""
"heading-order-2"	"macOS + Electron (Cypress) + axe-core"	"El orden jerárquico de encabezados no es lógico."	"#block-fa7fa4514b001ba7bd2b > .sqs-block-content > .sqs-html-content[data-sqsp-text-block-content=""""""""] > h3"	https://www.hiexperience.es/podcast-hug/diseno-y-finanzas	"<h3 style=""""white-space:pre-wrap;"""">¿De qué hablamos?</h3>"	"Reestructura los encabezados para mantener la jerarquía (h1>h2>h3...)."	"WCAG 2.1 / 2.2 AA (automatizado con axe-core)"	"Media"	"2.4.6 Encabezados y etiquetas"	https://www.hiexperience.es/auditorias/26-10-2025-www.hiexperience.es/screenshots/accesibilidad-sitemap.cy.js/heading-order-2-375x812.png	https://www.w3.org/WAI/WCAG21/Understanding/headings-and-labels.html	""
"frame-title-1"	"macOS + Electron (Cypress) + axe-core"	"El iframe carece de título (title) descriptivo."	"iframe[height=""""480""""]"	https://www.hiexperience.es/podcast-hug/producto-digital-creando-equipos-de-alto-impacto	"<iframe src=""""https://www.youtube.com/embed/sNXj6oUg8AI?wmode=opaque"""" height=""""480"""" width=""""854"""" scrolling=""""no"""" frameborder=""""0"""" allowfullscreen=""""""""></iframe>"	"Incluye atributo title descriptivo en iframes que indique su propósito."	"WCAG 2.1 / 2.2 AA (automatizado con axe-core)"	"Alta"	"4.1.2 Nombre, función, valor"	https://www.hiexperience.es/auditorias/26-10-2025-www.hiexperience.es/screenshots/accesibilidad-sitemap.cy.js/frame-title-1-1280x800.png	https://www.w3.org/WAI/WCAG21/Understanding/name-role-value.html	""
"heading-order-2"	"macOS + Electron (Cypress) + axe-core"	"El orden jerárquico de encabezados no es lógico."	"#block-592fe6e2f5b034761394 > .sqs-block-content > .sqs-html-content[data-sqsp-text-block-content=""""""""] > h3"	https://www.hiexperience.es/podcast-hug/producto-digital-creando-equipos-de-alto-impacto	"<h3 style=""""white-space:pre-wrap;"""">¿De qué hablamos?</h3>"	"Reestructura los encabezados para mantener la jerarquía (h1>h2>h3...)."	"WCAG 2.1 / 2.2 AA (automatizado con axe-core)"	"Media"	"2.4.6 Encabezados y etiquetas"	https://www.hiexperience.es/auditorias/26-10-2025-www.hiexperience.es/screenshots/accesibilidad-sitemap.cy.js/heading-order-2-1280x800.png	https://www.w3.org/WAI/WCAG21/Understanding/headings-and-labels.html	""
"landmark-unique-3"	"macOS + Electron (Cypress) + axe-core"	"Hay landmarks duplicados sin nombre único (aria-label/aria-labelledby)."	".header-display-desktop > .header-title-nav-wrapper > .header-nav > .header-nav-wrapper > .header-nav-list"	https://www.hiexperience.es/podcast-hug/producto-digital-creando-equipos-de-alto-impacto	"<nav class=""""header-nav-list"""">"	"Nombra landmarks duplicados con aria-label/aria-labelledby para distinguirlos."	"WCAG 2.1 / 2.2 AA (automatizado con axe-core)"	"Media"	"1.3.1 Información y relaciones"	https://www.hiexperience.es/auditorias/26-10-2025-www.hiexperience.es/screenshots/accesibilidad-sitemap.cy.js/landmark-unique-3-1280x800.png	https://www.w3.org/WAI/WCAG21/Understanding/info-and-relationships.html	""
"frame-title-1"	"macOS + Electron (Cypress) + axe-core"	"El iframe carece de título (title) descriptivo."	"iframe[height=""""480""""]"	https://www.hiexperience.es/podcast-hug/producto-digital-creando-equipos-de-alto-impacto	"<iframe src=""""https://www.youtube.com/embed/sNXj6oUg8AI?wmode=opaque"""" height=""""480"""" width=""""854"""" scrolling=""""no"""" frameborder=""""0"""" allowfullscreen=""""""""></iframe>"	"Incluye atributo title descriptivo en iframes que indique su propósito."	"WCAG 2.1 / 2.2 AA (automatizado con axe-core)"	"Alta"	"4.1.2 Nombre, función, valor"	https://www.hiexperience.es/auditorias/26-10-2025-www.hiexperience.es/screenshots/accesibilidad-sitemap.cy.js/frame-title-1-375x812.png	https://www.w3.org/WAI/WCAG21/Understanding/name-role-value.html	""
"heading-order-2"	"macOS + Electron (Cypress) + axe-core"	"El orden jerárquico de encabezados no es lógico."	"#block-592fe6e2f5b034761394 > .sqs-block-content > .sqs-html-content[data-sqsp-text-block-content=""""""""] > h3"	https://www.hiexperience.es/podcast-hug/producto-digital-creando-equipos-de-alto-impacto	"<h3 style=""""white-space:pre-wrap;"""">¿De qué hablamos?</h3>"	"Reestructura los encabezados para mantener la jerarquía (h1>h2>h3...)."	"WCAG 2.1 / 2.2 AA (automatizado con axe-core)"	"Media"	"2.4.6 Encabezados y etiquetas"	https://www.hiexperience.es/auditorias/26-10-2025-www.hiexperience.es/screenshots/accesibilidad-sitemap.cy.js/heading-order-2-375x812.png	https://www.w3.org/WAI/WCAG21/Understanding/headings-and-labels.html	""
"frame-title-1"	"macOS + Electron (Cypress) + axe-core"	"El iframe carece de título (title) descriptivo."	"iframe[height=""""480""""]"	https://www.hiexperience.es/podcast-hug/accesibilidad-digital-research	"<iframe src=""""https://www.youtube.com/embed/Zw23QDW6bks?wmode=opaque"""" height=""""480"""" width=""""854"""" scrolling=""""no"""" frameborder=""""0"""" allowfullscreen=""""""""></iframe>"	"Incluye atributo title descriptivo en iframes que indique su propósito."	"WCAG 2.1 / 2.2 AA (automatizado con axe-core)"	"Alta"	"4.1.2 Nombre, función, valor"	https://www.hiexperience.es/auditorias/26-10-2025-www.hiexperience.es/screenshots/accesibilidad-sitemap.cy.js/frame-title-1-1280x800.png	https://www.w3.org/WAI/WCAG21/Understanding/name-role-value.html	""
"heading-order-2"	"macOS + Electron (Cypress) + axe-core"	"El orden jerárquico de encabezados no es lógico."	"#block-dba036ee8e11b3dd6050 > .sqs-block-content > .sqs-html-content[data-sqsp-text-block-content=""""""""] > h3"	https://www.hiexperience.es/podcast-hug/accesibilidad-digital-research	"<h3 style=""""white-space:pre-wrap;"""">¿De qué hablamos?</h3>"	"Reestructura los encabezados para mantener la jerarquía (h1>h2>h3...)."	"WCAG 2.1 / 2.2 AA (automatizado con axe-core)"	"Media"	"2.4.6 Encabezados y etiquetas"	https://www.hiexperience.es/auditorias/26-10-2025-www.hiexperience.es/screenshots/accesibilidad-sitemap.cy.js/heading-order-2-1280x800.png	https://www.w3.org/WAI/WCAG21/Understanding/headings-and-labels.html	""
"landmark-unique-3"	"macOS + Electron (Cypress) + axe-core"	"Hay landmarks duplicados sin nombre único (aria-label/aria-labelledby)."	".header-display-desktop > .header-title-nav-wrapper > .header-nav > .header-nav-wrapper > .header-nav-list"	https://www.hiexperience.es/podcast-hug/accesibilidad-digital-research	"<nav class=""""header-nav-list"""">"	"Nombra landmarks duplicados con aria-label/aria-labelledby para distinguirlos."	"WCAG 2.1 / 2.2 AA (automatizado con axe-core)"	"Media"	"1.3.1 Información y relaciones"	https://www.hiexperience.es/auditorias/26-10-2025-www.hiexperience.es/screenshots/accesibilidad-sitemap.cy.js/landmark-unique-3-1280x800.png	https://www.w3.org/WAI/WCAG21/Understanding/info-and-relationships.html	""
"frame-title-1"	"macOS + Electron (Cypress) + axe-core"	"El iframe carece de título (title) descriptivo."	"iframe[height=""""480""""]"	https://www.hiexperience.es/podcast-hug/accesibilidad-digital-research	"<iframe src=""""https://www.youtube.com/embed/Zw23QDW6bks?wmode=opaque"""" height=""""480"""" width=""""854"""" scrolling=""""no"""" frameborder=""""0"""" allowfullscreen=""""""""></iframe>"	"Incluye atributo title descriptivo en iframes que indique su propósito."	"WCAG 2.1 / 2.2 AA (automatizado con axe-core)"	"Alta"	"4.1.2 Nombre, función, valor"	https://www.hiexperience.es/auditorias/26-10-2025-www.hiexperience.es/screenshots/accesibilidad-sitemap.cy.js/frame-title-1-375x812.png	https://www.w3.org/WAI/WCAG21/Understanding/name-role-value.html	""
"heading-order-2"	"macOS + Electron (Cypress) + axe-core"	"El orden jerárquico de encabezados no es lógico."	"#block-dba036ee8e11b3dd6050 > .sqs-block-content > .sqs-html-content[data-sqsp-text-block-content=""""""""] > h3"	https://www.hiexperience.es/podcast-hug/accesibilidad-digital-research	"<h3 style=""""white-space:pre-wrap;"""">¿De qué hablamos?</h3>"	"Reestructura los encabezados para mantener la jerarquía (h1>h2>h3...)."	"WCAG 2.1 / 2.2 AA (automatizado con axe-core)"	"Media"	"2.4.6 Encabezados y etiquetas"	https://www.hiexperience.es/auditorias/26-10-2025-www.hiexperience.es/screenshots/accesibilidad-sitemap.cy.js/heading-order-2-375x812.png	https://www.w3.org/WAI/WCAG21/Understanding/headings-and-labels.html	""
"frame-title-1"	"macOS + Electron (Cypress) + axe-core"	"El iframe carece de título (title) descriptivo."	"iframe[height=""""480""""]"	https://www.hiexperience.es/podcast-hug/branding-digital	"<iframe src=""""https://www.youtube.com/embed/39yseU3MDaM?wmode=opaque"""" height=""""480"""" width=""""854"""" scrolling=""""no"""" frameborder=""""0"""" allowfullscreen=""""""""></iframe>"	"Incluye atributo title descriptivo en iframes que indique su propósito."	"WCAG 2.1 / 2.2 AA (automatizado con axe-core)"	"Alta"	"4.1.2 Nombre, función, valor"	https://www.hiexperience.es/auditorias/26-10-2025-www.hiexperience.es/screenshots/accesibilidad-sitemap.cy.js/frame-title-1-1280x800.png	https://www.w3.org/WAI/WCAG21/Understanding/name-role-value.html	""
"heading-order-2"	"macOS + Electron (Cypress) + axe-core"	"El orden jerárquico de encabezados no es lógico."	"h3"	https://www.hiexperience.es/podcast-hug/branding-digital	"<h3 style=""""white-space:pre-wrap;"""">Sobre <strong>Ricardo Fernández</strong></h3>"	"Reestructura los encabezados para mantener la jerarquía (h1>h2>h3...)."	"WCAG 2.1 / 2.2 AA (automatizado con axe-core)"	"Media"	"2.4.6 Encabezados y etiquetas"	https://www.hiexperience.es/auditorias/26-10-2025-www.hiexperience.es/screenshots/accesibilidad-sitemap.cy.js/heading-order-2-1280x800.png	https://www.w3.org/WAI/WCAG21/Understanding/headings-and-labels.html	""
"landmark-unique-3"	"macOS + Electron (Cypress) + axe-core"	"Hay landmarks duplicados sin nombre único (aria-label/aria-labelledby)."	".header-display-desktop > .header-title-nav-wrapper > .header-nav > .header-nav-wrapper > .header-nav-list"	https://www.hiexperience.es/podcast-hug/branding-digital	"<nav class=""""header-nav-list"""">"	"Nombra landmarks duplicados con aria-label/aria-labelledby para distinguirlos."	"WCAG 2.1 / 2.2 AA (automatizado con axe-core)"	"Media"	"1.3.1 Información y relaciones"	https://www.hiexperience.es/auditorias/26-10-2025-www.hiexperience.es/screenshots/accesibilidad-sitemap.cy.js/landmark-unique-3-1280x800.png	https://www.w3.org/WAI/WCAG21/Understanding/info-and-relationships.html	""
"frame-title-1"	"macOS + Electron (Cypress) + axe-core"	"El iframe carece de título (title) descriptivo."	"iframe[height=""""480""""]"	https://www.hiexperience.es/podcast-hug/branding-digital	"<iframe src=""""https://www.youtube.com/embed/39yseU3MDaM?wmode=opaque"""" height=""""480"""" width=""""854"""" scrolling=""""no"""" frameborder=""""0"""" allowfullscreen=""""""""></iframe>"	"Incluye atributo title descriptivo en iframes que indique su propósito."	"WCAG 2.1 / 2.2 AA (automatizado con axe-core)"	"Alta"	"4.1.2 Nombre, función, valor"	https://www.hiexperience.es/auditorias/26-10-2025-www.hiexperience.es/screenshots/accesibilidad-sitemap.cy.js/frame-title-1-375x812.png	https://www.w3.org/WAI/WCAG21/Understanding/name-role-value.html	""
"heading-order-2"	"macOS + Electron (Cypress) + axe-core"	"El orden jerárquico de encabezados no es lógico."	"h3"	https://www.hiexperience.es/podcast-hug/branding-digital	"<h3 style=""""white-space:pre-wrap;"""">Sobre <strong>Ricardo Fernández</strong></h3>"	"Reestructura los encabezados para mantener la jerarquía (h1>h2>h3...)."	"WCAG 2.1 / 2.2 AA (automatizado con axe-core)"	"Media"	"2.4.6 Encabezados y etiquetas"	https://www.hiexperience.es/auditorias/26-10-2025-www.hiexperience.es/screenshots/accesibilidad-sitemap.cy.js/heading-order-2-375x812.png	https://www.w3.org/WAI/WCAG21/Understanding/headings-and-labels.html	""
"frame-title-1"	"macOS + Electron (Cypress) + axe-core"	"El iframe carece de título (title) descriptivo."	"iframe[height=""""480""""]"	https://www.hiexperience.es/podcast-hug/seguridad-digital	"<iframe src=""""https://www.youtube.com/embed/DYcWfEkXGXI?wmode=opaque"""" height=""""480"""" width=""""854"""" scrolling=""""no"""" frameborder=""""0"""" allowfullscreen=""""""""></iframe>"	"Incluye atributo title descriptivo en iframes que indique su propósito."	"WCAG 2.1 / 2.2 AA (automatizado con axe-core)"	"Alta"	"4.1.2 Nombre, función, valor"	https://www.hiexperience.es/auditorias/26-10-2025-www.hiexperience.es/screenshots/accesibilidad-sitemap.cy.js/frame-title-1-1280x800.png	https://www.w3.org/WAI/WCAG21/Understanding/name-role-value.html	""
"heading-order-2"	"macOS + Electron (Cypress) + axe-core"	"El orden jerárquico de encabezados no es lógico."	"#block-7a6ce9cf059503885e22 > .sqs-block-content > .sqs-html-content[data-sqsp-text-block-content=""""""""] > h3"	https://www.hiexperience.es/podcast-hug/seguridad-digital	"<h3 style=""""white-space:pre-wrap;"""">¿De qué hablamos?</h3>"	"Reestructura los encabezados para mantener la jerarquía (h1>h2>h3...)."	"WCAG 2.1 / 2.2 AA (automatizado con axe-core)"	"Media"	"2.4.6 Encabezados y etiquetas"	https://www.hiexperience.es/auditorias/26-10-2025-www.hiexperience.es/screenshots/accesibilidad-sitemap.cy.js/heading-order-2-1280x800.png	https://www.w3.org/WAI/WCAG21/Understanding/headings-and-labels.html	""
"landmark-unique-3"	"macOS + Electron (Cypress) + axe-core"	"Hay landmarks duplicados sin nombre único (aria-label/aria-labelledby)."	".header-display-desktop > .header-title-nav-wrapper > .header-nav > .header-nav-wrapper > .header-nav-list"	https://www.hiexperience.es/podcast-hug/seguridad-digital	"<nav class=""""header-nav-list"""">"	"Nombra landmarks duplicados con aria-label/aria-labelledby para distinguirlos."	"WCAG 2.1 / 2.2 AA (automatizado con axe-core)"	"Media"	"1.3.1 Información y relaciones"	https://www.hiexperience.es/auditorias/26-10-2025-www.hiexperience.es/screenshots/accesibilidad-sitemap.cy.js/landmark-unique-3-1280x800.png	https://www.w3.org/WAI/WCAG21/Understanding/info-and-relationships.html	""
"frame-title-1"	"macOS + Electron (Cypress) + axe-core"	"El iframe carece de título (title) descriptivo."	"iframe[height=""""480""""]"	https://www.hiexperience.es/podcast-hug/seguridad-digital	"<iframe src=""""https://www.youtube.com/embed/DYcWfEkXGXI?wmode=opaque"""" height=""""480"""" width=""""854"""" scrolling=""""no"""" frameborder=""""0"""" allowfullscreen=""""""""></iframe>"	"Incluye atributo title descriptivo en iframes que indique su propósito."	"WCAG 2.1 / 2.2 AA (automatizado con axe-core)"	"Alta"	"4.1.2 Nombre, función, valor"	https://www.hiexperience.es/auditorias/26-10-2025-www.hiexperience.es/screenshots/accesibilidad-sitemap.cy.js/frame-title-1-375x812.png	https://www.w3.org/WAI/WCAG21/Understanding/name-role-value.html	""
"heading-order-2"	"macOS + Electron (Cypress) + axe-core"	"El orden jerárquico de encabezados no es lógico."	"#block-7a6ce9cf059503885e22 > .sqs-block-content > .sqs-html-content[data-sqsp-text-block-content=""""""""] > h3"	https://www.hiexperience.es/podcast-hug/seguridad-digital	"<h3 style=""""white-space:pre-wrap;"""">¿De qué hablamos?</h3>"	"Reestructura los encabezados para mantener la jerarquía (h1>h2>h3...)."	"WCAG 2.1 / 2.2 AA (automatizado con axe-core)"	"Media"	"2.4.6 Encabezados y etiquetas"	https://www.hiexperience.es/auditorias/26-10-2025-www.hiexperience.es/screenshots/accesibilidad-sitemap.cy.js/heading-order-2-375x812.png	https://www.w3.org/WAI/WCAG21/Understanding/headings-and-labels.html	""
